"0","game_of_thrones"
"1","$url
"
"1","[1]"
"1"," ""https://anapioficeandfire.com/api/books/1"""
"1","
"
"1","
"
"1","$name
"
"1","[1]"
"1"," ""A Game of Thrones"""
"1","
"
"1","
"
"1","$isbn
"
"1","[1]"
"1"," ""978-0553103540"""
"1","
"
"1","
"
"1","$authors
"
"1","$authors[[1]]
"
"1","[1]"
"1"," ""George R. R. Martin"""
"1","
"
"1","
"
"1","
"
"1","$numberOfPages
"
"1","[1]"
"1"," 694"
"1","
"
"1","
"
"1","$publisher
"
"1","[1]"
"1"," ""Bantam Books"""
"1","
"
"1","
"
"1","$country
"
"1","[1]"
"1"," ""United States"""
"1","
"
"1","
"
"1","$mediaType
"
"1","[1]"
"1"," ""Hardcover"""
"1","
"
"1","
"
"1","$released
"
"1","[1]"
"1"," ""1996-08-01T00:00:00"""
"1","
"
"1","
"
"1","$characters
"
"1","$characters[[1]]
"
"1","$characters[[1]]$name
"
"1","[1]"
"1"," ""Walder"""
"1","
"
"1","
"
"1","$characters[[1]]$gender
"
"1","[1]"
"1"," ""Male"""
"1","
"
"1","
"
"1","
"
"1","$characters[[2]]
"
"1","$characters[[2]]$name
"
"1","[1]"
"1"," ""Balon Greyjoy"""
"1","
"
"1","
"
"1","$characters[[2]]$gender
"
"1","[1]"
"1"," ""Male"""
"1","
"
"1","
"
"1","
"
"1","$characters[[3]]
"
"1","$characters[[3]]$name
"
"1","[1]"
"1"," ""Chayle"""
"1","
"
"1","
"
"1","$characters[[3]]$gender
"
"1","[1]"
"1"," ""Male"""
"1","
"
"1","
"
"1","
"
"1","$characters[[4]]
"
"1","$characters[[4]]$name
"
"1","[1]"
"1"," ""Margaery Tyrell"""
"1","
"
"1","
"
"1","$characters[[4]]$gender
"
"1","[1]"
"1"," ""Female"""
"1","
"
"1","
"
"1","
"
"1","$characters[[5]]
"
"1","$characters[[5]]$name
"
"1","[1]"
"1"," ""Mordane"""
"1","
"
"1","
"
"1","$characters[[5]]$gender
"
"1","[1]"
"1"," ""Female"""
"1","
"
"1","
"
"1","
"
"1","$characters[[6]]
"
"1","$characters[[6]]$name
"
"1","[1]"
"1"," ""Tywin Lannister"""
"1","
"
"1","
"
"1","$characters[[6]]$gender
"
"1","[1]"
"1"," ""Male"""
"1","
"
"1","
"
"1","
"
"1","$characters[[7]]
"
"1","$characters[[7]]$name
"
"1","[1]"
"1"," ""Addam Marbrand"""
"1","
"
"1","
"
"1","$characters[[7]]$gender
"
"1","[1]"
"1"," ""Male"""
"1","
"
"1","
"
"1","
"
"1","$characters[[8]]
"
"1","$characters[[8]]$name
"
"1","[1]"
"1"," ""Aegon I"""
"1","
"
"1","
"
"1","$characters[[8]]$gender
"
"1","[1]"
"1"," ""Male"""
"1","
"
"1","
"
"1","
"
"1","$characters[[9]]
"
"1","$characters[[9]]$name
"
"1","[1]"
"1"," ""Aegon II"""
"1","
"
"1","
"
"1","$characters[[9]]$gender
"
"1","[1]"
"1"," ""Male"""
"1","
"
"1","
"
"1","
"
"1","$characters[[10]]
"
"1","$characters[[10]]$name
"
"1","[1]"
"1"," ""Aegon III"""
"1","
"
"1","
"
"1","$characters[[10]]$gender
"
"1","[1]"
"1"," ""Male"""
"1","
"
"1","
"
"1","
"
"1","$characters[[11]]
"
"1","$characters[[11]]$name
"
"1","[1]"
"1"," ""Aegon IV"""
"1","
"
"1","
"
"1","$characters[[11]]$gender
"
"1","[1]"
"1"," ""Male"""
"1","
"
"1","
"
"1","
"
"1","$characters[[12]]
"
"1","$characters[[12]]$name
"
"1","[1]"
"1"," ""Aegon Targaryen"""
"1","
"
"1","
"
"1","$characters[[12]]$gender
"
"1","[1]"
"1"," ""Male"""
"1","
"
"1","
"
"1","
"
"1","$characters[[13]]
"
"1","$characters[[13]]$name
"
"1","[1]"
"1"," ""Aegon V"""
"1","
"
"1","
"
"1","$characters[[13]]$gender
"
"1","[1]"
"1"," ""Male"""
"1","
"
"1","
"
"1","
"
"1","$characters[[14]]
"
"1","$characters[[14]]$name
"
"1","[1]"
"1"," ""Aemon Targaryen"""
"1","
"
"1","
"
"1","$characters[[14]]$gender
"
"1","[1]"
"1"," ""Male"""
"1","
"
"1","
"
"1","
"
"1","$characters[[15]]
"
"1","$characters[[15]]$name
"
"1","[1]"
"1"," ""Aenys Frey"""
"1","
"
"1","
"
"1","$characters[[15]]$gender
"
"1","[1]"
"1"," ""Male"""
"1","
"
"1","
"
"1","
"
"1","$characters[[16]]
"
"1","$characters[[16]]$name
"
"1","[1]"
"1"," ""Aenys I"""
"1","
"
"1","
"
"1","$characters[[16]]$gender
"
"1","[1]"
"1"," ""Male"""
"1","
"
"1","
"
"1","
"
"1","$characters[[17]]
"
"1","$characters[[17]]$name
"
"1","[1]"
"1"," ""Aeron Greyjoy"""
"1","
"
"1","
"
"1","$characters[[17]]$gender
"
"1","[1]"
"1"," ""Male"""
"1","
"
"1","
"
"1","
"
"1","$characters[[18]]
"
"1","$characters[[18]]$name
"
"1","[1]"
"1"," ""Aerys I"""
"1","
"
"1","
"
"1","$characters[[18]]$gender
"
"1","[1]"
"1"," ""Male"""
"1","
"
"1","
"
"1","
"
"1","$characters[[19]]
"
"1","$characters[[19]]$name
"
"1","[1]"
"1"," ""Aerys II"""
"1","
"
"1","
"
"1","$characters[[19]]$gender
"
"1","[1]"
"1"," ""Male"""
"1","
"
"1","
"
"1","
"
"1","$characters[[20]]
"
"1","$characters[[20]]$name
"
"1","[1]"
"1"," ""Alannys Harlaw"""
"1","
"
"1","
"
"1","$characters[[20]]$gender
"
"1","[1]"
"1"," ""Female"""
"1","
"
"1","
"
"1","
"
"1","$characters[[21]]
"
"1","$characters[[21]]$name
"
"1","[1]"
"1"," ""Albar Royce"""
"1","
"
"1","
"
"1","$characters[[21]]$gender
"
"1","[1]"
"1"," ""Male"""
"1","
"
"1","
"
"1","
"
"1","$characters[[22]]
"
"1","$characters[[22]]$name
"
"1","[1]"
"1"," ""Alerie Hightower"""
"1","
"
"1","
"
"1","$characters[[22]]$gender
"
"1","[1]"
"1"," ""Female"""
"1","
"
"1","
"
"1","
"
"1","$characters[[23]]
"
"1","$characters[[23]]$name
"
"1","[1]"
"1"," ""Alliser Thorne"""
"1","
"
"1","
"
"1","$characters[[23]]$gender
"
"1","[1]"
"1"," ""Male"""
"1","
"
"1","
"
"1","
"
"1","$characters[[24]]
"
"1","$characters[[24]]$name
"
"1","[1]"
"1"," ""Alyn Stackspear"""
"1","
"
"1","
"
"1","$characters[[24]]$gender
"
"1","[1]"
"1"," ""Male"""
"1","
"
"1","
"
"1","
"
"1","$characters[[25]]
"
"1","$characters[[25]]$name
"
"1","[1]"
"1"," ""Alyssa Arryn"""
"1","
"
"1","
"
"1","$characters[[25]]$gender
"
"1","[1]"
"1"," ""Female"""
"1","
"
"1","
"
"1","
"
"1","$characters[[26]]
"
"1","$characters[[26]]$name
"
"1","[1]"
"1"," ""Amory Lorch"""
"1","
"
"1","
"
"1","$characters[[26]]$gender
"
"1","[1]"
"1"," ""Male"""
"1","
"
"1","
"
"1","
"
"1","$characters[[27]]
"
"1","$characters[[27]]$name
"
"1","[1]"
"1"," ""Andar Royce"""
"1","
"
"1","
"
"1","$characters[[27]]$gender
"
"1","[1]"
"1"," ""Male"""
"1","
"
"1","
"
"1","
"
"1","$characters[[28]]
"
"1","$characters[[28]]$name
"
"1","[1]"
"1"," ""Andros Brax"""
"1","
"
"1","
"
"1","$characters[[28]]$gender
"
"1","[1]"
"1"," ""Male"""
"1","
"
"1","
"
"1","
"
"1","$characters[[29]]
"
"1","$characters[[29]]$name
"
"1","[1]"
"1"," ""Anya Waynwood"""
"1","
"
"1","
"
"1","$characters[[29]]$gender
"
"1","[1]"
"1"," ""Female"""
"1","
"
"1","
"
"1","
"
"1","$characters[[30]]
"
"1","$characters[[30]]$name
"
"1","[1]"
"1"," ""Argella Durrandon"""
"1","
"
"1","
"
"1","$characters[[30]]$gender
"
"1","[1]"
"1"," ""Female"""
"1","
"
"1","
"
"1","
"
"1","$characters[[31]]
"
"1","$characters[[31]]$name
"
"1","[1]"
"1"," ""Argilac Durrandon"""
"1","
"
"1","
"
"1","$characters[[31]]$gender
"
"1","[1]"
"1"," ""Male"""
"1","
"
"1","
"
"1","
"
"1","$characters[[32]]
"
"1","$characters[[32]]$name
"
"1","[1]"
"1"," ""Arianne Martell"""
"1","
"
"1","
"
"1","$characters[[32]]$gender
"
"1","[1]"
"1"," ""Female"""
"1","
"
"1","
"
"1","
"
"1","$characters[[33]]
"
"1","$characters[[33]]$name
"
"1","[1]"
"1"," ""Aron Santagar"""
"1","
"
"1","
"
"1","$characters[[33]]$gender
"
"1","[1]"
"1"," ""Male"""
"1","
"
"1","
"
"1","
"
"1","$characters[[34]]
"
"1","$characters[[34]]$name
"
"1","[1]"
"1"," ""Arrec Durrandon"""
"1","
"
"1","
"
"1","$characters[[34]]$gender
"
"1","[1]"
"1"," ""Male"""
"1","
"
"1","
"
"1","
"
"1","$characters[[35]]
"
"1","$characters[[35]]$name
"
"1","[1]"
"1"," ""Arthur Dayne"""
"1","
"
"1","
"
"1","$characters[[35]]$gender
"
"1","[1]"
"1"," ""Male"""
"1","
"
"1","
"
"1","
"
"1","$characters[[36]]
"
"1","$characters[[36]]$name
"
"1","[1]"
"1"," ""Arwyn Oakheart"""
"1","
"
"1","
"
"1","$characters[[36]]$gender
"
"1","[1]"
"1"," ""Female"""
"1","
"
"1","
"
"1","
"
"1","$characters[[37]]
"
"1","$characters[[37]]$name
"
"1","[1]"
"1"," ""Arys Oakheart"""
"1","
"
"1","
"
"1","$characters[[37]]$gender
"
"1","[1]"
"1"," ""Male"""
"1","
"
"1","
"
"1","
"
"1","$characters[[38]]
"
"1","$characters[[38]]$name
"
"1","[1]"
"1"," ""Asha Greyjoy"""
"1","
"
"1","
"
"1","$characters[[38]]$gender
"
"1","[1]"
"1"," ""Female"""
"1","
"
"1","
"
"1","
"
"1","$characters[[39]]
"
"1","$characters[[39]]$name
"
"1","[1]"
"1"," ""Ashara Dayne"""
"1","
"
"1","
"
"1","$characters[[39]]$gender
"
"1","[1]"
"1"," ""Female"""
"1","
"
"1","
"
"1","
"
"1","$characters[[40]]
"
"1","$characters[[40]]$name
"
"1","[1]"
"1"," ""Baelor I"""
"1","
"
"1","
"
"1","$characters[[40]]$gender
"
"1","[1]"
"1"," ""Male"""
"1","
"
"1","
"
"1","
"
"1","$characters[[41]]
"
"1","$characters[[41]]$name
"
"1","[1]"
"1"," ""Balon Swann"""
"1","
"
"1","
"
"1","$characters[[41]]$gender
"
"1","[1]"
"1"," ""Male"""
"1","
"
"1","
"
"1","
"
"1","$characters[[42]]
"
"1","$characters[[42]]$name
"
"1","[1]"
"1"," ""Barristan Selmy"""
"1","
"
"1","
"
"1","$characters[[42]]$gender
"
"1","[1]"
"1"," ""Male"""
"1","
"
"1","
"
"1","
"
"1","$characters[[43]]
"
"1","$characters[[43]]$name
"
"1","[1]"
"1"," ""Bass"""
"1","
"
"1","
"
"1","$characters[[43]]$gender
"
"1","[1]"
"1"," ""Male"""
"1","
"
"1","
"
"1","
"
"1","$characters[[44]]
"
"1","$characters[[44]]$name
"
"1","[1]"
"1"," ""Benjen Stark"""
"1","
"
"1","
"
"1","$characters[[44]]$gender
"
"1","[1]"
"1"," ""Male"""
"1","
"
"1","
"
"1","
"
"1","$characters[[45]]
"
"1","$characters[[45]]$name
"
"1","[1]"
"1"," ""Beric Dondarrion"""
"1","
"
"1","
"
"1","$characters[[45]]$gender
"
"1","[1]"
"1"," ""Male"""
"1","
"
"1","
"
"1","
"
"1","$characters[[46]]
"
"1","$characters[[46]]$name
"
"1","[1]"
"1"," ""Beth Cassel"""
"1","
"
"1","
"
"1","$characters[[46]]$gender
"
"1","[1]"
"1"," ""Female"""
"1","
"
"1","
"
"1","
"
"1","$characters[[47]]
"
"1","$characters[[47]]$name
"
"1","[1]"
"1"," ""Bethany Redwyne"""
"1","
"
"1","
"
"1","$characters[[47]]$gender
"
"1","[1]"
"1"," ""Female"""
"1","
"
"1","
"
"1","
"
"1","$characters[[48]]
"
"1","$characters[[48]]$name
"
"1","[1]"
"1"," ""Boros Blount"""
"1","
"
"1","
"
"1","$characters[[48]]$gender
"
"1","[1]"
"1"," ""Male"""
"1","
"
"1","
"
"1","
"
"1","$characters[[49]]
"
"1","$characters[[49]]$name
"
"1","[1]"
"1"," ""Bowen Marsh"""
"1","
"
"1","
"
"1","$characters[[49]]$gender
"
"1","[1]"
"1"," ""Male"""
"1","
"
"1","
"
"1","
"
"1","$characters[[50]]
"
"1","$characters[[50]]$name
"
"1","[1]"
"1"," ""Brandon Stark"""
"1","
"
"1","
"
"1","$characters[[50]]$gender
"
"1","[1]"
"1"," ""Male"""
"1","
"
"1","
"
"1","
"
"1","$characters[[51]]
"
"1","$characters[[51]]$name
"
"1","[1]"
"1"," ""Brandon Stark"""
"1","
"
"1","
"
"1","$characters[[51]]$gender
"
"1","[1]"
"1"," ""Male"""
"1","
"
"1","
"
"1","
"
"1","$characters[[52]]
"
"1","$characters[[52]]$name
"
"1","[1]"
"1"," ""Brandon Stark"""
"1","
"
"1","
"
"1","$characters[[52]]$gender
"
"1","[1]"
"1"," ""Male"""
"1","
"
"1","
"
"1","
"
"1","$characters[[53]]
"
"1","$characters[[53]]$name
"
"1","[1]"
"1"," ""Brandon Stark"""
"1","
"
"1","
"
"1","$characters[[53]]$gender
"
"1","[1]"
"1"," ""Male"""
"1","
"
"1","
"
"1","
"
"1","$characters[[54]]
"
"1","$characters[[54]]$name
"
"1","[1]"
"1"," ""Bronn"""
"1","
"
"1","
"
"1","$characters[[54]]$gender
"
"1","[1]"
"1"," ""Male"""
"1","
"
"1","
"
"1","
"
"1","$characters[[55]]
"
"1","$characters[[55]]$name
"
"1","[1]"
"1"," ""Bryce Caron"""
"1","
"
"1","
"
"1","$characters[[55]]$gender
"
"1","[1]"
"1"," ""Male"""
"1","
"
"1","
"
"1","
"
"1","$characters[[56]]
"
"1","$characters[[56]]$name
"
"1","[1]"
"1"," ""Brynden Tully"""
"1","
"
"1","
"
"1","$characters[[56]]$gender
"
"1","[1]"
"1"," ""Male"""
"1","
"
"1","
"
"1","
"
"1","$characters[[57]]
"
"1","$characters[[57]]$name
"
"1","[1]"
"1"," ""Burton Crakehall"""
"1","
"
"1","
"
"1","$characters[[57]]$gender
"
"1","[1]"
"1"," ""Male"""
"1","
"
"1","
"
"1","
"
"1","$characters[[58]]
"
"1","$characters[[58]]$name
"
"1","[1]"
"1"," ""Cerenna Lannister"""
"1","
"
"1","
"
"1","$characters[[58]]$gender
"
"1","[1]"
"1"," ""Female"""
"1","
"
"1","
"
"1","
"
"1","$characters[[59]]
"
"1","$characters[[59]]$name
"
"1","[1]"
"1"," ""Cersei Lannister"""
"1","
"
"1","
"
"1","$characters[[59]]$gender
"
"1","[1]"
"1"," ""Female"""
"1","
"
"1","
"
"1","
"
"1","$characters[[60]]
"
"1","$characters[[60]]$name
"
"1","[1]"
"1"," ""Clement Piper"""
"1","
"
"1","
"
"1","$characters[[60]]$gender
"
"1","[1]"
"1"," ""Male"""
"1","
"
"1","
"
"1","
"
"1","$characters[[61]]
"
"1","$characters[[61]]$name
"
"1","[1]"
"1"," ""Cregan Stark"""
"1","
"
"1","
"
"1","$characters[[61]]$gender
"
"1","[1]"
"1"," ""Male"""
"1","
"
"1","
"
"1","
"
"1","$characters[[62]]
"
"1","$characters[[62]]$name
"
"1","[1]"
"1"," ""Dacey Mormont"""
"1","
"
"1","
"
"1","$characters[[62]]$gender
"
"1","[1]"
"1"," ""Female"""
"1","
"
"1","
"
"1","
"
"1","$characters[[63]]
"
"1","$characters[[63]]$name
"
"1","[1]"
"1"," ""Daeron I"""
"1","
"
"1","
"
"1","$characters[[63]]$gender
"
"1","[1]"
"1"," ""Male"""
"1","
"
"1","
"
"1","
"
"1","$characters[[64]]
"
"1","$characters[[64]]$name
"
"1","[1]"
"1"," ""Daeron II"""
"1","
"
"1","
"
"1","$characters[[64]]$gender
"
"1","[1]"
"1"," ""Male"""
"1","
"
"1","
"
"1","
"
"1","$characters[[65]]
"
"1","$characters[[65]]$name
"
"1","[1]"
"1"," ""Danwell Frey"""
"1","
"
"1","
"
"1","$characters[[65]]$gender
"
"1","[1]"
"1"," ""Male"""
"1","
"
"1","
"
"1","
"
"1","$characters[[66]]
"
"1","$characters[[66]]$name
"
"1","[1]"
"1"," ""Darlessa Marbrand"""
"1","
"
"1","
"
"1","$characters[[66]]$gender
"
"1","[1]"
"1"," ""Female"""
"1","
"
"1","
"
"1","
"
"1","$characters[[67]]
"
"1","$characters[[67]]$name
"
"1","[1]"
"1"," ""Daryn Hornwood"""
"1","
"
"1","
"
"1","$characters[[67]]$gender
"
"1","[1]"
"1"," ""Male"""
"1","
"
"1","
"
"1","
"
"1","$characters[[68]]
"
"1","$characters[[68]]$name
"
"1","[1]"
"1"," ""Daven Lannister"""
"1","
"
"1","
"
"1","$characters[[68]]$gender
"
"1","[1]"
"1"," ""Male"""
"1","
"
"1","
"
"1","
"
"1","$characters[[69]]
"
"1","$characters[[69]]$name
"
"1","[1]"
"1"," ""Denys Mallister"""
"1","
"
"1","
"
"1","$characters[[69]]$gender
"
"1","[1]"
"1"," ""Male"""
"1","
"
"1","
"
"1","
"
"1","$characters[[70]]
"
"1","$characters[[70]]$name
"
"1","[1]"
"1"," ""Desmond Grell"""
"1","
"
"1","
"
"1","$characters[[70]]$gender
"
"1","[1]"
"1"," ""Male"""
"1","
"
"1","
"
"1","
"
"1","$characters[[71]]
"
"1","$characters[[71]]$name
"
"1","[1]"
"1"," ""Dickon Tarly"""
"1","
"
"1","
"
"1","$characters[[71]]$gender
"
"1","[1]"
"1"," ""Male"""
"1","
"
"1","
"
"1","
"
"1","$characters[[72]]
"
"1","$characters[[72]]$name
"
"1","[1]"
"1"," ""Donal Noye"""
"1","
"
"1","
"
"1","$characters[[72]]$gender
"
"1","[1]"
"1"," ""Male"""
"1","
"
"1","
"
"1","
"
"1","$characters[[73]]
"
"1","$characters[[73]]$name
"
"1","[1]"
"1"," ""Dontos Hollard"""
"1","
"
"1","
"
"1","$characters[[73]]$gender
"
"1","[1]"
"1"," ""Male"""
"1","
"
"1","
"
"1","
"
"1","$characters[[74]]
"
"1","$characters[[74]]$name
"
"1","[1]"
"1"," ""Doran Martell"""
"1","
"
"1","
"
"1","$characters[[74]]$gender
"
"1","[1]"
"1"," ""Male"""
"1","
"
"1","
"
"1","
"
"1","$characters[[75]]
"
"1","$characters[[75]]$name
"
"1","[1]"
"1"," ""Dorna Swyft"""
"1","
"
"1","
"
"1","$characters[[75]]$gender
"
"1","[1]"
"1"," ""Female"""
"1","
"
"1","
"
"1","
"
"1","$characters[[76]]
"
"1","$characters[[76]]$name
"
"1","[1]"
"1"," ""Eddard Karstark"""
"1","
"
"1","
"
"1","$characters[[76]]$gender
"
"1","[1]"
"1"," ""Male"""
"1","
"
"1","
"
"1","
"
"1","$characters[[77]]
"
"1","$characters[[77]]$name
"
"1","[1]"
"1"," ""Edmure Tully"""
"1","
"
"1","
"
"1","$characters[[77]]$gender
"
"1","[1]"
"1"," ""Male"""
"1","
"
"1","
"
"1","
"
"1","$characters[[78]]
"
"1","$characters[[78]]$name
"
"1","[1]"
"1"," ""Edmyn Tully"""
"1","
"
"1","
"
"1","$characters[[78]]$gender
"
"1","[1]"
"1"," ""Male"""
"1","
"
"1","
"
"1","
"
"1","$characters[[79]]
"
"1","$characters[[79]]$name
"
"1","[1]"
"1"," ""Edric Dayne"""
"1","
"
"1","
"
"1","$characters[[79]]$gender
"
"1","[1]"
"1"," ""Male"""
"1","
"
"1","
"
"1","
"
"1","$characters[[80]]
"
"1","$characters[[80]]$name
"
"1","[1]"
"1"," ""Elia Martell"""
"1","
"
"1","
"
"1","$characters[[80]]$gender
"
"1","[1]"
"1"," ""Female"""
"1","
"
"1","
"
"1","
"
"1","$characters[[81]]
"
"1","$characters[[81]]$name
"
"1","[1]"
"1"," ""Elmar Frey"""
"1","
"
"1","
"
"1","$characters[[81]]$gender
"
"1","[1]"
"1"," ""Male"""
"1","
"
"1","
"
"1","
"
"1","$characters[[82]]
"
"1","$characters[[82]]$name
"
"1","[1]"
"1"," ""Emmon Frey"""
"1","
"
"1","
"
"1","$characters[[82]]$gender
"
"1","[1]"
"1"," ""Male"""
"1","
"
"1","
"
"1","
"
"1","$characters[[83]]
"
"1","$characters[[83]]$name
"
"1","[1]"
"1"," ""Endrew Tarth"""
"1","
"
"1","
"
"1","$characters[[83]]$gender
"
"1","[1]"
"1"," ""Male"""
"1","
"
"1","
"
"1","
"
"1","$characters[[84]]
"
"1","$characters[[84]]$name
"
"1","[1]"
"1"," ""Eon Hunter"""
"1","
"
"1","
"
"1","$characters[[84]]$gender
"
"1","[1]"
"1"," ""Male"""
"1","
"
"1","
"
"1","
"
"1","$characters[[85]]
"
"1","$characters[[85]]$name
"
"1","[1]"
"1"," ""Ethan Glover"""
"1","
"
"1","
"
"1","$characters[[85]]$gender
"
"1","[1]"
"1"," ""Male"""
"1","
"
"1","
"
"1","
"
"1","$characters[[86]]
"
"1","$characters[[86]]$name
"
"1","[1]"
"1"," ""Euron Greyjoy"""
"1","
"
"1","
"
"1","$characters[[86]]$gender
"
"1","[1]"
"1"," ""Male"""
"1","
"
"1","
"
"1","
"
"1","$characters[[87]]
"
"1","$characters[[87]]$name
"
"1","[1]"
"1"," ""Flement Brax"""
"1","
"
"1","
"
"1","$characters[[87]]$gender
"
"1","[1]"
"1"," ""Male"""
"1","
"
"1","
"
"1","
"
"1","$characters[[88]]
"
"1","$characters[[88]]$name
"
"1","[1]"
"1"," ""Forley Prester"""
"1","
"
"1","
"
"1","$characters[[88]]$gender
"
"1","[1]"
"1"," ""Male"""
"1","
"
"1","
"
"1","
"
"1","$characters[[89]]
"
"1","$characters[[89]]$name
"
"1","[1]"
"1"," ""Galbart Glover"""
"1","
"
"1","
"
"1","$characters[[89]]$gender
"
"1","[1]"
"1"," ""Male"""
"1","
"
"1","
"
"1","
"
"1","$characters[[90]]
"
"1","$characters[[90]]$name
"
"1","[1]"
"1"," ""Gared"""
"1","
"
"1","
"
"1","$characters[[90]]$gender
"
"1","[1]"
"1"," ""Male"""
"1","
"
"1","
"
"1","
"
"1","$characters[[91]]
"
"1","$characters[[91]]$name
"
"1","[1]"
"1"," ""Garlan Tyrell"""
"1","
"
"1","
"
"1","$characters[[91]]$gender
"
"1","[1]"
"1"," ""Male"""
"1","
"
"1","
"
"1","
"
"1","$characters[[92]]
"
"1","$characters[[92]]$name
"
"1","[1]"
"1"," ""Garth Greenfield"""
"1","
"
"1","
"
"1","$characters[[92]]$gender
"
"1","[1]"
"1"," ""Male"""
"1","
"
"1","
"
"1","
"
"1","$characters[[93]]
"
"1","$characters[[93]]$name
"
"1","[1]"
"1"," ""Garth Tyrell"""
"1","
"
"1","
"
"1","$characters[[93]]$gender
"
"1","[1]"
"1"," ""Male"""
"1","
"
"1","
"
"1","
"
"1","$characters[[94]]
"
"1","$characters[[94]]$name
"
"1","[1]"
"1"," ""Gawen Westerling"""
"1","
"
"1","
"
"1","$characters[[94]]$gender
"
"1","[1]"
"1"," ""Male"""
"1","
"
"1","
"
"1","
"
"1","$characters[[95]]
"
"1","$characters[[95]]$name
"
"1","[1]"
"1"," ""Genna Lannister"""
"1","
"
"1","
"
"1","$characters[[95]]$gender
"
"1","[1]"
"1"," ""Female"""
"1","
"
"1","
"
"1","
"
"1","$characters[[96]]
"
"1","$characters[[96]]$name
"
"1","[1]"
"1"," ""Gerion Lannister"""
"1","
"
"1","
"
"1","$characters[[96]]$gender
"
"1","[1]"
"1"," ""Male"""
"1","
"
"1","
"
"1","
"
"1","$characters[[97]]
"
"1","$characters[[97]]$name
"
"1","[1]"
"1"," ""Gerold Hightower"""
"1","
"
"1","
"
"1","$characters[[97]]$gender
"
"1","[1]"
"1"," ""Male"""
"1","
"
"1","
"
"1","
"
"1","$characters[[98]]
"
"1","$characters[[98]]$name
"
"1","[1]"
"1"," ""Gladden Wylde"""
"1","
"
"1","
"
"1","$characters[[98]]$gender
"
"1","[1]"
"1"," ""Male"""
"1","
"
"1","
"
"1","
"
"1","$characters[[99]]
"
"1","$characters[[99]]$name
"
"1","[1]"
"1"," ""Gowen Baratheon"""
"1","
"
"1","
"
"1","$characters[[99]]$gender
"
"1","[1]"
"1"," ""Male"""
"1","
"
"1","
"
"1","
"
"1","$characters[[100]]
"
"1","$characters[[100]]$name
"
"1","[1]"
"1"," ""Grenn"""
"1","
"
"1","
"
"1","$characters[[100]]$gender
"
"1","[1]"
"1"," ""Male"""
"1","
"
"1","
"
"1","
"
"1","$characters[[101]]
"
"1","$characters[[101]]$name
"
"1","[1]"
"1"," ""Gyles Rosby"""
"1","
"
"1","
"
"1","$characters[[101]]$gender
"
"1","[1]"
"1"," ""Male"""
"1","
"
"1","
"
"1","
"
"1","$characters[[102]]
"
"1","$characters[[102]]$name
"
"1","[1]"
"1"," ""Hallis Mollen"""
"1","
"
"1","
"
"1","$characters[[102]]$gender
"
"1","[1]"
"1"," ""Male"""
"1","
"
"1","
"
"1","
"
"1","$characters[[103]]
"
"1","$characters[[103]]$name
"
"1","[1]"
"1"," ""Halys Hornwood"""
"1","
"
"1","
"
"1","$characters[[103]]$gender
"
"1","[1]"
"1"," ""Male"""
"1","
"
"1","
"
"1","
"
"1","$characters[[104]]
"
"1","$characters[[104]]$name
"
"1","[1]"
"1"," ""Harlan Hunter"""
"1","
"
"1","
"
"1","$characters[[104]]$gender
"
"1","[1]"
"1"," ""Male"""
"1","
"
"1","
"
"1","
"
"1","$characters[[105]]
"
"1","$characters[[105]]$name
"
"1","[1]"
"1"," ""Harlen Tyrell"""
"1","
"
"1","
"
"1","$characters[[105]]$gender
"
"1","[1]"
"1"," ""Male"""
"1","
"
"1","
"
"1","
"
"1","$characters[[106]]
"
"1","$characters[[106]]$name
"
"1","[1]"
"1"," ""Harren Hoare"""
"1","
"
"1","
"
"1","$characters[[106]]$gender
"
"1","[1]"
"1"," ""Male"""
"1","
"
"1","
"
"1","
"
"1","$characters[[107]]
"
"1","$characters[[107]]$name
"
"1","[1]"
"1"," ""Harrion Karstark"""
"1","
"
"1","
"
"1","$characters[[107]]$gender
"
"1","[1]"
"1"," ""Male"""
"1","
"
"1","
"
"1","
"
"1","$characters[[108]]
"
"1","$characters[[108]]$name
"
"1","[1]"
"1"," ""Harwyn Hoare"""
"1","
"
"1","
"
"1","$characters[[108]]$gender
"
"1","[1]"
"1"," ""Male"""
"1","
"
"1","
"
"1","
"
"1","$characters[[109]]
"
"1","$characters[[109]]$name
"
"1","[1]"
"1"," ""Harys Swyft"""
"1","
"
"1","
"
"1","$characters[[109]]$gender
"
"1","[1]"
"1"," ""Male"""
"1","
"
"1","
"
"1","
"
"1","$characters[[110]]
"
"1","$characters[[110]]$name
"
"1","[1]"
"1"," ""Helman Tallhart"""
"1","
"
"1","
"
"1","$characters[[110]]$gender
"
"1","[1]"
"1"," ""Male"""
"1","
"
"1","
"
"1","
"
"1","$characters[[111]]
"
"1","$characters[[111]]$name
"
"1","[1]"
"1"," ""Hoare"""
"1","
"
"1","
"
"1","$characters[[111]]$gender
"
"1","[1]"
"1"," ""Male"""
"1","
"
"1","
"
"1","
"
"1","$characters[[112]]
"
"1","$characters[[112]]$name
"
"1","[1]"
"1"," ""Hobber Redwyne"""
"1","
"
"1","
"
"1","$characters[[112]]$gender
"
"1","[1]"
"1"," ""Male"""
"1","
"
"1","
"
"1","
"
"1","$characters[[113]]
"
"1","$characters[[113]]$name
"
"1","[1]"
"1"," ""Horas Redwyne"""
"1","
"
"1","
"
"1","$characters[[113]]$gender
"
"1","[1]"
"1"," ""Male"""
"1","
"
"1","
"
"1","
"
"1","$characters[[114]]
"
"1","$characters[[114]]$name
"
"1","[1]"
"1"," ""Hosteen Frey"""
"1","
"
"1","
"
"1","$characters[[114]]$gender
"
"1","[1]"
"1"," ""Male"""
"1","
"
"1","
"
"1","
"
"1","$characters[[115]]
"
"1","$characters[[115]]$name
"
"1","[1]"
"1"," ""Hoster Tully"""
"1","
"
"1","
"
"1","$characters[[115]]$gender
"
"1","[1]"
"1"," ""Male"""
"1","
"
"1","
"
"1","
"
"1","$characters[[116]]
"
"1","$characters[[116]]$name
"
"1","[1]"
"1"," ""Howland Reed"""
"1","
"
"1","
"
"1","$characters[[116]]$gender
"
"1","[1]"
"1"," ""Male"""
"1","
"
"1","
"
"1","
"
"1","$characters[[117]]
"
"1","$characters[[117]]$name
"
"1","[1]"
"1"," ""Hugh"""
"1","
"
"1","
"
"1","$characters[[117]]$gender
"
"1","[1]"
"1"," ""Male"""
"1","
"
"1","
"
"1","
"
"1","$characters[[118]]
"
"1","$characters[[118]]$name
"
"1","[1]"
"1"," ""Igon Vyrwel"""
"1","
"
"1","
"
"1","$characters[[118]]$gender
"
"1","[1]"
"1"," ""Male"""
"1","
"
"1","
"
"1","
"
"1","$characters[[119]]
"
"1","$characters[[119]]$name
"
"1","[1]"
"1"," ""Ilyn Payne"""
"1","
"
"1","
"
"1","$characters[[119]]$gender
"
"1","[1]"
"1"," ""Male"""
"1","
"
"1","
"
"1","
"
"1","$characters[[120]]
"
"1","$characters[[120]]$name
"
"1","[1]"
"1"," ""Jaehaerys I"""
"1","
"
"1","
"
"1","$characters[[120]]$gender
"
"1","[1]"
"1"," ""Male"""
"1","
"
"1","
"
"1","
"
"1","$characters[[121]]
"
"1","$characters[[121]]$name
"
"1","[1]"
"1"," ""Jaehaerys II"""
"1","
"
"1","
"
"1","$characters[[121]]$gender
"
"1","[1]"
"1"," ""Male"""
"1","
"
"1","
"
"1","
"
"1","$characters[[122]]
"
"1","$characters[[122]]$name
"
"1","[1]"
"1"," ""Jaime Lannister"""
"1","
"
"1","
"
"1","$characters[[122]]$gender
"
"1","[1]"
"1"," ""Male"""
"1","
"
"1","
"
"1","
"
"1","$characters[[123]]
"
"1","$characters[[123]]$name
"
"1","[1]"
"1"," ""Janei Lannister"""
"1","
"
"1","
"
"1","$characters[[123]]$gender
"
"1","[1]"
"1"," ""Female"""
"1","
"
"1","
"
"1","
"
"1","$characters[[124]]
"
"1","$characters[[124]]$name
"
"1","[1]"
"1"," ""Janna Tyrell"""
"1","
"
"1","
"
"1","$characters[[124]]$gender
"
"1","[1]"
"1"," ""Female"""
"1","
"
"1","
"
"1","
"
"1","$characters[[125]]
"
"1","$characters[[125]]$name
"
"1","[1]"
"1"," ""Janos Slynt"""
"1","
"
"1","
"
"1","$characters[[125]]$gender
"
"1","[1]"
"1"," ""Male"""
"1","
"
"1","
"
"1","
"
"1","$characters[[126]]
"
"1","$characters[[126]]$name
"
"1","[1]"
"1"," ""Jared Frey"""
"1","
"
"1","
"
"1","$characters[[126]]$gender
"
"1","[1]"
"1"," ""Male"""
"1","
"
"1","
"
"1","
"
"1","$characters[[127]]
"
"1","$characters[[127]]$name
"
"1","[1]"
"1"," ""Jaremy Rykker"""
"1","
"
"1","
"
"1","$characters[[127]]$gender
"
"1","[1]"
"1"," ""Male"""
"1","
"
"1","
"
"1","
"
"1","$characters[[128]]
"
"1","$characters[[128]]$name
"
"1","[1]"
"1"," ""Jason Mallister"""
"1","
"
"1","
"
"1","$characters[[128]]$gender
"
"1","[1]"
"1"," ""Male"""
"1","
"
"1","
"
"1","
"
"1","$characters[[129]]
"
"1","$characters[[129]]$name
"
"1","[1]"
"1"," ""Jeor Mormont"""
"1","
"
"1","
"
"1","$characters[[129]]$gender
"
"1","[1]"
"1"," ""Male"""
"1","
"
"1","
"
"1","
"
"1","$characters[[130]]
"
"1","$characters[[130]]$name
"
"1","[1]"
"1"," ""Jeyne Poole"""
"1","
"
"1","
"
"1","$characters[[130]]$gender
"
"1","[1]"
"1"," ""Female"""
"1","
"
"1","
"
"1","
"
"1","$characters[[131]]
"
"1","$characters[[131]]$name
"
"1","[1]"
"1"," ""Jeyne Royce"""
"1","
"
"1","
"
"1","$characters[[131]]$gender
"
"1","[1]"
"1"," ""Female"""
"1","
"
"1","
"
"1","
"
"1","$characters[[132]]
"
"1","$characters[[132]]$name
"
"1","[1]"
"1"," ""Joanna Lannister"""
"1","
"
"1","
"
"1","$characters[[132]]$gender
"
"1","[1]"
"1"," ""Female"""
"1","
"
"1","
"
"1","
"
"1","$characters[[133]]
"
"1","$characters[[133]]$name
"
"1","[1]"
"1"," ""Joffrey Baratheon"""
"1","
"
"1","
"
"1","$characters[[133]]$gender
"
"1","[1]"
"1"," ""Male"""
"1","
"
"1","
"
"1","
"
"1","$characters[[134]]
"
"1","$characters[[134]]$name
"
"1","[1]"
"1"," ""Jon Arryn"""
"1","
"
"1","
"
"1","$characters[[134]]$gender
"
"1","[1]"
"1"," ""Male"""
"1","
"
"1","
"
"1","
"
"1","$characters[[135]]
"
"1","$characters[[135]]$name
"
"1","[1]"
"1"," ""Jon Stark"""
"1","
"
"1","
"
"1","$characters[[135]]$gender
"
"1","[1]"
"1"," ""Male"""
"1","
"
"1","
"
"1","
"
"1","$characters[[136]]
"
"1","$characters[[136]]$name
"
"1","[1]"
"1"," ""Jon Umber"""
"1","
"
"1","
"
"1","$characters[[136]]$gender
"
"1","[1]"
"1"," ""Male"""
"1","
"
"1","
"
"1","
"
"1","$characters[[137]]
"
"1","$characters[[137]]$name
"
"1","[1]"
"1"," ""Jon Umber"""
"1","
"
"1","
"
"1","$characters[[137]]$gender
"
"1","[1]"
"1"," ""Male"""
"1","
"
"1","
"
"1","
"
"1","$characters[[138]]
"
"1","$characters[[138]]$name
"
"1","[1]"
"1"," ""Jonelle Cerwyn"""
"1","
"
"1","
"
"1","$characters[[138]]$gender
"
"1","[1]"
"1"," ""Female"""
"1","
"
"1","
"
"1","
"
"1","$characters[[139]]
"
"1","$characters[[139]]$name
"
"1","[1]"
"1"," ""Jory Cassel"""
"1","
"
"1","
"
"1","$characters[[139]]$gender
"
"1","[1]"
"1"," ""Male"""
"1","
"
"1","
"
"1","
"
"1","$characters[[140]]
"
"1","$characters[[140]]$name
"
"1","[1]"
"1"," ""Joyeuse Erenford"""
"1","
"
"1","
"
"1","$characters[[140]]$gender
"
"1","[1]"
"1"," ""Female"""
"1","
"
"1","
"
"1","
"
"1","$characters[[141]]
"
"1","$characters[[141]]$name
"
"1","[1]"
"1"," ""Karyl Vance"""
"1","
"
"1","
"
"1","$characters[[141]]$gender
"
"1","[1]"
"1"," ""Male"""
"1","
"
"1","
"
"1","
"
"1","$characters[[142]]
"
"1","$characters[[142]]$name
"
"1","[1]"
"1"," ""Kevan Lannister"""
"1","
"
"1","
"
"1","$characters[[142]]$gender
"
"1","[1]"
"1"," ""Male"""
"1","
"
"1","
"
"1","
"
"1","$characters[[143]]
"
"1","$characters[[143]]$name
"
"1","[1]"
"1"," ""Lancel Lannister"""
"1","
"
"1","
"
"1","$characters[[143]]$gender
"
"1","[1]"
"1"," ""Male"""
"1","
"
"1","
"
"1","
"
"1","$characters[[144]]
"
"1","$characters[[144]]$name
"
"1","[1]"
"1"," ""Lann"""
"1","
"
"1","
"
"1","$characters[[144]]$gender
"
"1","[1]"
"1"," ""Male"""
"1","
"
"1","
"
"1","
"
"1","$characters[[145]]
"
"1","$characters[[145]]$name
"
"1","[1]"
"1"," ""Leo Lefford"""
"1","
"
"1","
"
"1","$characters[[145]]$gender
"
"1","[1]"
"1"," ""Male"""
"1","
"
"1","
"
"1","
"
"1","$characters[[146]]
"
"1","$characters[[146]]$name
"
"1","[1]"
"1"," ""Lewyn Martell"""
"1","
"
"1","
"
"1","$characters[[146]]$gender
"
"1","[1]"
"1"," ""Male"""
"1","
"
"1","
"
"1","
"
"1","$characters[[147]]
"
"1","$characters[[147]]$name
"
"1","[1]"
"1"," ""Lewys Lydden"""
"1","
"
"1","
"
"1","$characters[[147]]$gender
"
"1","[1]"
"1"," ""Male"""
"1","
"
"1","
"
"1","
"
"1","$characters[[148]]
"
"1","$characters[[148]]$name
"
"1","[1]"
"1"," ""Leyton Hightower"""
"1","
"
"1","
"
"1","$characters[[148]]$gender
"
"1","[1]"
"1"," ""Male"""
"1","
"
"1","
"
"1","
"
"1","$characters[[149]]
"
"1","$characters[[149]]$name
"
"1","[1]"
"1"," ""Loras Tyrell"""
"1","
"
"1","
"
"1","$characters[[149]]$gender
"
"1","[1]"
"1"," ""Male"""
"1","
"
"1","
"
"1","
"
"1","$characters[[150]]
"
"1","$characters[[150]]$name
"
"1","[1]"
"1"," ""Lothar Frey"""
"1","
"
"1","
"
"1","$characters[[150]]$gender
"
"1","[1]"
"1"," ""Male"""
"1","
"
"1","
"
"1","
"
"1","$characters[[151]]
"
"1","$characters[[151]]$name
"
"1","[1]"
"1"," ""Lothar Mallery"""
"1","
"
"1","
"
"1","$characters[[151]]$gender
"
"1","[1]"
"1"," ""Male"""
"1","
"
"1","
"
"1","
"
"1","$characters[[152]]
"
"1","$characters[[152]]$name
"
"1","[1]"
"1"," ""Lothor Brune"""
"1","
"
"1","
"
"1","$characters[[152]]$gender
"
"1","[1]"
"1"," ""Male"""
"1","
"
"1","
"
"1","
"
"1","$characters[[153]]
"
"1","$characters[[153]]$name
"
"1","[1]"
"1"," ""Lyman Darry"""
"1","
"
"1","
"
"1","$characters[[153]]$gender
"
"1","[1]"
"1"," ""Male"""
"1","
"
"1","
"
"1","
"
"1","$characters[[154]]
"
"1","$characters[[154]]$name
"
"1","[1]"
"1"," ""Lyn Corbray"""
"1","
"
"1","
"
"1","$characters[[154]]$gender
"
"1","[1]"
"1"," ""Male"""
"1","
"
"1","
"
"1","
"
"1","$characters[[155]]
"
"1","$characters[[155]]$name
"
"1","[1]"
"1"," ""Lysa Arryn"""
"1","
"
"1","
"
"1","$characters[[155]]$gender
"
"1","[1]"
"1"," ""Female"""
"1","
"
"1","
"
"1","
"
"1","$characters[[156]]
"
"1","$characters[[156]]$name
"
"1","[1]"
"1"," ""Mace Tyrell"""
"1","
"
"1","
"
"1","$characters[[156]]$gender
"
"1","[1]"
"1"," ""Male"""
"1","
"
"1","
"
"1","
"
"1","$characters[[157]]
"
"1","$characters[[157]]$name
"
"1","[1]"
"1"," ""Maege Mormont"""
"1","
"
"1","
"
"1","$characters[[157]]$gender
"
"1","[1]"
"1"," ""Female"""
"1","
"
"1","
"
"1","
"
"1","$characters[[158]]
"
"1","$characters[[158]]$name
"
"1","[1]"
"1"," ""Maegor I"""
"1","
"
"1","
"
"1","$characters[[158]]$gender
"
"1","[1]"
"1"," ""Male"""
"1","
"
"1","
"
"1","
"
"1","$characters[[159]]
"
"1","$characters[[159]]$name
"
"1","[1]"
"1"," ""Maekar I"""
"1","
"
"1","
"
"1","$characters[[159]]$gender
"
"1","[1]"
"1"," ""Male"""
"1","
"
"1","
"
"1","
"
"1","$characters[[160]]
"
"1","$characters[[160]]$name
"
"1","[1]"
"1"," ""Mandon Moore"""
"1","
"
"1","
"
"1","$characters[[160]]$gender
"
"1","[1]"
"1"," ""Male"""
"1","
"
"1","
"
"1","
"
"1","$characters[[161]]
"
"1","$characters[[161]]$name
"
"1","[1]"
"1"," ""Mariah Martell"""
"1","
"
"1","
"
"1","$characters[[161]]$gender
"
"1","[1]"
"1"," ""Female"""
"1","
"
"1","
"
"1","
"
"1","$characters[[162]]
"
"1","$characters[[162]]$name
"
"1","[1]"
"1"," ""Mark Ryswell"""
"1","
"
"1","
"
"1","$characters[[162]]$gender
"
"1","[1]"
"1"," ""Male"""
"1","
"
"1","
"
"1","
"
"1","$characters[[163]]
"
"1","$characters[[163]]$name
"
"1","[1]"
"1"," ""Maron Greyjoy"""
"1","
"
"1","
"
"1","$characters[[163]]$gender
"
"1","[1]"
"1"," ""Male"""
"1","
"
"1","
"
"1","
"
"1","$characters[[164]]
"
"1","$characters[[164]]$name
"
"1","[1]"
"1"," ""Marq Piper"""
"1","
"
"1","
"
"1","$characters[[164]]$gender
"
"1","[1]"
"1"," ""Male"""
"1","
"
"1","
"
"1","
"
"1","$characters[[165]]
"
"1","$characters[[165]]$name
"
"1","[1]"
"1"," ""Martyn Cassel"""
"1","
"
"1","
"
"1","$characters[[165]]$gender
"
"1","[1]"
"1"," ""Male"""
"1","
"
"1","
"
"1","
"
"1","$characters[[166]]
"
"1","$characters[[166]]$name
"
"1","[1]"
"1"," ""Martyn Lannister"""
"1","
"
"1","
"
"1","$characters[[166]]$gender
"
"1","[1]"
"1"," ""Male"""
"1","
"
"1","
"
"1","
"
"1","$characters[[167]]
"
"1","$characters[[167]]$name
"
"1","[1]"
"1"," ""Mathis Rowan"""
"1","
"
"1","
"
"1","$characters[[167]]$gender
"
"1","[1]"
"1"," ""Male"""
"1","
"
"1","
"
"1","
"
"1","$characters[[168]]
"
"1","$characters[[168]]$name
"
"1","[1]"
"1"," ""Medger Cerwyn"""
"1","
"
"1","
"
"1","$characters[[168]]$gender
"
"1","[1]"
"1"," ""Male"""
"1","
"
"1","
"
"1","
"
"1","$characters[[169]]
"
"1","$characters[[169]]$name
"
"1","[1]"
"1"," ""Mern IX Gardener"""
"1","
"
"1","
"
"1","$characters[[169]]$gender
"
"1","[1]"
"1"," ""Male"""
"1","
"
"1","
"
"1","
"
"1","$characters[[170]]
"
"1","$characters[[170]]$name
"
"1","[1]"
"1"," ""Merrett Frey"""
"1","
"
"1","
"
"1","$characters[[170]]$gender
"
"1","[1]"
"1"," ""Male"""
"1","
"
"1","
"
"1","
"
"1","$characters[[171]]
"
"1","$characters[[171]]$name
"
"1","[1]"
"1"," ""Meryn Trant"""
"1","
"
"1","
"
"1","$characters[[171]]$gender
"
"1","[1]"
"1"," ""Male"""
"1","
"
"1","
"
"1","
"
"1","$characters[[172]]
"
"1","$characters[[172]]$name
"
"1","[1]"
"1"," ""Mina Tyrell"""
"1","
"
"1","
"
"1","$characters[[172]]$gender
"
"1","[1]"
"1"," ""Female"""
"1","
"
"1","
"
"1","
"
"1","$characters[[173]]
"
"1","$characters[[173]]$name
"
"1","[1]"
"1"," ""Minisa Whent"""
"1","
"
"1","
"
"1","$characters[[173]]$gender
"
"1","[1]"
"1"," ""Female"""
"1","
"
"1","
"
"1","
"
"1","$characters[[174]]
"
"1","$characters[[174]]$name
"
"1","[1]"
"1"," ""Morgil Hastwyck"""
"1","
"
"1","
"
"1","$characters[[174]]$gender
"
"1","[1]"
"1"," ""Male"""
"1","
"
"1","
"
"1","
"
"1","$characters[[175]]
"
"1","$characters[[175]]$name
"
"1","[1]"
"1"," ""Moryn Tyrell"""
"1","
"
"1","
"
"1","$characters[[175]]$gender
"
"1","[1]"
"1"," ""Male"""
"1","
"
"1","
"
"1","
"
"1","$characters[[176]]
"
"1","$characters[[176]]$name
"
"1","[1]"
"1"," ""Mychel Redfort"""
"1","
"
"1","
"
"1","$characters[[176]]$gender
"
"1","[1]"
"1"," ""Male"""
"1","
"
"1","
"
"1","
"
"1","$characters[[177]]
"
"1","$characters[[177]]$name
"
"1","[1]"
"1"," ""Myrcella Baratheon"""
"1","
"
"1","
"
"1","$characters[[177]]$gender
"
"1","[1]"
"1"," ""Female"""
"1","
"
"1","
"
"1","
"
"1","$characters[[178]]
"
"1","$characters[[178]]$name
"
"1","[1]"
"1"," ""Myrielle Lannister"""
"1","
"
"1","
"
"1","$characters[[178]]$gender
"
"1","[1]"
"1"," ""Female"""
"1","
"
"1","
"
"1","
"
"1","$characters[[179]]
"
"1","$characters[[179]]$name
"
"1","[1]"
"1"," ""Naerys Targaryen"""
"1","
"
"1","
"
"1","$characters[[179]]$gender
"
"1","[1]"
"1"," ""Female"""
"1","
"
"1","
"
"1","
"
"1","$characters[[180]]
"
"1","$characters[[180]]$name
"
"1","[1]"
"1"," ""Nymeria"""
"1","
"
"1","
"
"1","$characters[[180]]$gender
"
"1","[1]"
"1"," ""Female"""
"1","
"
"1","
"
"1","
"
"1","$characters[[181]]
"
"1","$characters[[181]]$name
"
"1","[1]"
"1"," ""Olenna Redwyne"""
"1","
"
"1","
"
"1","$characters[[181]]$gender
"
"1","[1]"
"1"," ""Female"""
"1","
"
"1","
"
"1","
"
"1","$characters[[182]]
"
"1","$characters[[182]]$name
"
"1","[1]"
"1"," ""Olyvar Frey"""
"1","
"
"1","
"
"1","$characters[[182]]$gender
"
"1","[1]"
"1"," ""Male"""
"1","
"
"1","
"
"1","
"
"1","$characters[[183]]
"
"1","$characters[[183]]$name
"
"1","[1]"
"1"," ""Orys Baratheon"""
"1","
"
"1","
"
"1","$characters[[183]]$gender
"
"1","[1]"
"1"," ""Male"""
"1","
"
"1","
"
"1","
"
"1","$characters[[184]]
"
"1","$characters[[184]]$name
"
"1","[1]"
"1"," ""Oswell Whent"""
"1","
"
"1","
"
"1","$characters[[184]]$gender
"
"1","[1]"
"1"," ""Male"""
"1","
"
"1","
"
"1","
"
"1","$characters[[185]]
"
"1","$characters[[185]]$name
"
"1","[1]"
"1"," ""Othell Yarwyck"""
"1","
"
"1","
"
"1","$characters[[185]]$gender
"
"1","[1]"
"1"," ""Male"""
"1","
"
"1","
"
"1","
"
"1","$characters[[186]]
"
"1","$characters[[186]]$name
"
"1","[1]"
"1"," ""Patrek Mallister"""
"1","
"
"1","
"
"1","$characters[[186]]$gender
"
"1","[1]"
"1"," ""Male"""
"1","
"
"1","
"
"1","
"
"1","$characters[[187]]
"
"1","$characters[[187]]$name
"
"1","[1]"
"1"," ""Paxter Redwyne"""
"1","
"
"1","
"
"1","$characters[[187]]$gender
"
"1","[1]"
"1"," ""Male"""
"1","
"
"1","
"
"1","
"
"1","$characters[[188]]
"
"1","$characters[[188]]$name
"
"1","[1]"
"1"," ""Perwyn Frey"""
"1","
"
"1","
"
"1","$characters[[188]]$gender
"
"1","[1]"
"1"," ""Male"""
"1","
"
"1","
"
"1","
"
"1","$characters[[189]]
"
"1","$characters[[189]]$name
"
"1","[1]"
"1"," ""Petyr Baelish"""
"1","
"
"1","
"
"1","$characters[[189]]$gender
"
"1","[1]"
"1"," ""Male"""
"1","
"
"1","
"
"1","
"
"1","$characters[[190]]
"
"1","$characters[[190]]$name
"
"1","[1]"
"1"," ""Podrick Payne"""
"1","
"
"1","
"
"1","$characters[[190]]$gender
"
"1","[1]"
"1"," ""Male"""
"1","
"
"1","
"
"1","
"
"1","$characters[[191]]
"
"1","$characters[[191]]$name
"
"1","[1]"
"1"," ""Preston Greenfield"""
"1","
"
"1","
"
"1","$characters[[191]]$gender
"
"1","[1]"
"1"," ""Male"""
"1","
"
"1","
"
"1","
"
"1","$characters[[192]]
"
"1","$characters[[192]]$name
"
"1","[1]"
"1"," ""Pypar"""
"1","
"
"1","
"
"1","$characters[[192]]$gender
"
"1","[1]"
"1"," ""Male"""
"1","
"
"1","
"
"1","
"
"1","$characters[[193]]
"
"1","$characters[[193]]$name
"
"1","[1]"
"1"," ""Qhorin"""
"1","
"
"1","
"
"1","$characters[[193]]$gender
"
"1","[1]"
"1"," ""Male"""
"1","
"
"1","
"
"1","
"
"1","$characters[[194]]
"
"1","$characters[[194]]$name
"
"1","[1]"
"1"," ""Quenten Banefort"""
"1","
"
"1","
"
"1","$characters[[194]]$gender
"
"1","[1]"
"1"," ""Male"""
"1","
"
"1","
"
"1","
"
"1","$characters[[195]]
"
"1","$characters[[195]]$name
"
"1","[1]"
"1"," ""Quentyn Martell"""
"1","
"
"1","
"
"1","$characters[[195]]$gender
"
"1","[1]"
"1"," ""Male"""
"1","
"
"1","
"
"1","
"
"1","$characters[[196]]
"
"1","$characters[[196]]$name
"
"1","[1]"
"1"," ""Randyll Tarly"""
"1","
"
"1","
"
"1","$characters[[196]]$gender
"
"1","[1]"
"1"," ""Male"""
"1","
"
"1","
"
"1","
"
"1","$characters[[197]]
"
"1","$characters[[197]]$name
"
"1","[1]"
"1"," ""Raymun Darry"""
"1","
"
"1","
"
"1","$characters[[197]]$gender
"
"1","[1]"
"1"," ""Male"""
"1","
"
"1","
"
"1","
"
"1","$characters[[198]]
"
"1","$characters[[198]]$name
"
"1","[1]"
"1"," ""Regenard Estren"""
"1","
"
"1","
"
"1","$characters[[198]]$gender
"
"1","[1]"
"1"," ""Male"""
"1","
"
"1","
"
"1","
"
"1","$characters[[199]]
"
"1","$characters[[199]]$name
"
"1","[1]"
"1"," ""Renly Baratheon"""
"1","
"
"1","
"
"1","$characters[[199]]$gender
"
"1","[1]"
"1"," ""Male"""
"1","
"
"1","
"
"1","
"
"1","$characters[[200]]
"
"1","$characters[[200]]$name
"
"1","[1]"
"1"," ""Rhaegar Targaryen"""
"1","
"
"1","
"
"1","$characters[[200]]$gender
"
"1","[1]"
"1"," ""Male"""
"1","
"
"1","
"
"1","
"
"1","$characters[[201]]
"
"1","$characters[[201]]$name
"
"1","[1]"
"1"," ""Rhaella Targaryen"""
"1","
"
"1","
"
"1","$characters[[201]]$gender
"
"1","[1]"
"1"," ""Female"""
"1","
"
"1","
"
"1","
"
"1","$characters[[202]]
"
"1","$characters[[202]]$name
"
"1","[1]"
"1"," ""Rhaenys Targaryen"""
"1","
"
"1","
"
"1","$characters[[202]]$gender
"
"1","[1]"
"1"," ""Female"""
"1","
"
"1","
"
"1","
"
"1","$characters[[203]]
"
"1","$characters[[203]]$name
"
"1","[1]"
"1"," ""Rickard Karstark"""
"1","
"
"1","
"
"1","$characters[[203]]$gender
"
"1","[1]"
"1"," ""Male"""
"1","
"
"1","
"
"1","
"
"1","$characters[[204]]
"
"1","$characters[[204]]$name
"
"1","[1]"
"1"," ""Rickard Stark"""
"1","
"
"1","
"
"1","$characters[[204]]$gender
"
"1","[1]"
"1"," ""Male"""
"1","
"
"1","
"
"1","
"
"1","$characters[[205]]
"
"1","$characters[[205]]$name
"
"1","[1]"
"1"," ""Rickard Stark"""
"1","
"
"1","
"
"1","$characters[[205]]$gender
"
"1","[1]"
"1"," ""Male"""
"1","
"
"1","
"
"1","
"
"1","$characters[[206]]
"
"1","$characters[[206]]$name
"
"1","[1]"
"1"," ""Rickon Stark"""
"1","
"
"1","
"
"1","$characters[[206]]$gender
"
"1","[1]"
"1"," ""Male"""
"1","
"
"1","
"
"1","
"
"1","$characters[[207]]
"
"1","$characters[[207]]$name
"
"1","[1]"
"1"," ""Robar Royce"""
"1","
"
"1","
"
"1","$characters[[207]]$gender
"
"1","[1]"
"1"," ""Male"""
"1","
"
"1","
"
"1","
"
"1","$characters[[208]]
"
"1","$characters[[208]]$name
"
"1","[1]"
"1"," ""Robert Arryn"""
"1","
"
"1","
"
"1","$characters[[208]]$gender
"
"1","[1]"
"1"," ""Male"""
"1","
"
"1","
"
"1","
"
"1","$characters[[209]]
"
"1","$characters[[209]]$name
"
"1","[1]"
"1"," ""Robert I Baratheon"""
"1","
"
"1","
"
"1","$characters[[209]]$gender
"
"1","[1]"
"1"," ""Male"""
"1","
"
"1","
"
"1","
"
"1","$characters[[210]]
"
"1","$characters[[210]]$name
"
"1","[1]"
"1"," ""Robett Glover"""
"1","
"
"1","
"
"1","$characters[[210]]$gender
"
"1","[1]"
"1"," ""Male"""
"1","
"
"1","
"
"1","
"
"1","$characters[[211]]
"
"1","$characters[[211]]$name
"
"1","[1]"
"1"," ""Robin Ryger"""
"1","
"
"1","
"
"1","$characters[[211]]$gender
"
"1","[1]"
"1"," ""Male"""
"1","
"
"1","
"
"1","
"
"1","$characters[[212]]
"
"1","$characters[[212]]$name
"
"1","[1]"
"1"," ""Rodrik Cassel"""
"1","
"
"1","
"
"1","$characters[[212]]$gender
"
"1","[1]"
"1"," ""Male"""
"1","
"
"1","
"
"1","
"
"1","$characters[[213]]
"
"1","$characters[[213]]$name
"
"1","[1]"
"1"," ""Rodrik Greyjoy"""
"1","
"
"1","
"
"1","$characters[[213]]$gender
"
"1","[1]"
"1"," ""Male"""
"1","
"
"1","
"
"1","
"
"1","$characters[[214]]
"
"1","$characters[[214]]$name
"
"1","[1]"
"1"," ""Rodrik Stark"""
"1","
"
"1","
"
"1","$characters[[214]]$gender
"
"1","[1]"
"1"," ""Male"""
"1","
"
"1","
"
"1","
"
"1","$characters[[215]]
"
"1","$characters[[215]]$name
"
"1","[1]"
"1"," ""Roose Bolton"""
"1","
"
"1","
"
"1","$characters[[215]]$gender
"
"1","[1]"
"1"," ""Male"""
"1","
"
"1","
"
"1","
"
"1","$characters[[216]]
"
"1","$characters[[216]]$name
"
"1","[1]"
"1"," ""Ryam Redwyne"""
"1","
"
"1","
"
"1","$characters[[216]]$gender
"
"1","[1]"
"1"," ""Male"""
"1","
"
"1","
"
"1","
"
"1","$characters[[217]]
"
"1","$characters[[217]]$name
"
"1","[1]"
"1"," ""Samwell Tarly"""
"1","
"
"1","
"
"1","$characters[[217]]$gender
"
"1","[1]"
"1"," ""Male"""
"1","
"
"1","
"
"1","
"
"1","$characters[[218]]
"
"1","$characters[[218]]$name
"
"1","[1]"
"1"," ""Sandor Clegane"""
"1","
"
"1","
"
"1","$characters[[218]]$gender
"
"1","[1]"
"1"," ""Male"""
"1","
"
"1","
"
"1","
"
"1","$characters[[219]]
"
"1","$characters[[219]]$name
"
"1","[1]"
"1"," ""Serwyn"""
"1","
"
"1","
"
"1","$characters[[219]]$gender
"
"1","[1]"
"1"," ""Male"""
"1","
"
"1","
"
"1","
"
"1","$characters[[220]]
"
"1","$characters[[220]]$name
"
"1","[1]"
"1"," ""Shella Whent"""
"1","
"
"1","
"
"1","$characters[[220]]$gender
"
"1","[1]"
"1"," ""Female"""
"1","
"
"1","
"
"1","
"
"1","$characters[[221]]
"
"1","$characters[[221]]$name
"
"1","[1]"
"1"," ""Shireen Baratheon"""
"1","
"
"1","
"
"1","$characters[[221]]$gender
"
"1","[1]"
"1"," ""Female"""
"1","
"
"1","
"
"1","
"
"1","$characters[[222]]
"
"1","$characters[[222]]$name
"
"1","[1]"
"1"," ""Simon Toyne"""
"1","
"
"1","
"
"1","$characters[[222]]$gender
"
"1","[1]"
"1"," ""Male"""
"1","
"
"1","
"
"1","
"
"1","$characters[[223]]
"
"1","$characters[[223]]$name
"
"1","[1]"
"1"," ""Stafford Lannister"""
"1","
"
"1","
"
"1","$characters[[223]]$gender
"
"1","[1]"
"1"," ""Male"""
"1","
"
"1","
"
"1","
"
"1","$characters[[224]]
"
"1","$characters[[224]]$name
"
"1","[1]"
"1"," ""Stevron Frey"""
"1","
"
"1","
"
"1","$characters[[224]]$gender
"
"1","[1]"
"1"," ""Male"""
"1","
"
"1","
"
"1","
"
"1","$characters[[225]]
"
"1","$characters[[225]]$name
"
"1","[1]"
"1"," ""Tanda Stokeworth"""
"1","
"
"1","
"
"1","$characters[[225]]$gender
"
"1","[1]"
"1"," ""Female"""
"1","
"
"1","
"
"1","
"
"1","$characters[[226]]
"
"1","$characters[[226]]$name
"
"1","[1]"
"1"," ""Theo Wull"""
"1","
"
"1","
"
"1","$characters[[226]]$gender
"
"1","[1]"
"1"," ""Male"""
"1","
"
"1","
"
"1","
"
"1","$characters[[227]]
"
"1","$characters[[227]]$name
"
"1","[1]"
"1"," ""Theon Greyjoy"""
"1","
"
"1","
"
"1","$characters[[227]]$gender
"
"1","[1]"
"1"," ""Male"""
"1","
"
"1","
"
"1","
"
"1","$characters[[228]]
"
"1","$characters[[228]]$name
"
"1","[1]"
"1"," ""Theon Stark"""
"1","
"
"1","
"
"1","$characters[[228]]$gender
"
"1","[1]"
"1"," ""Male"""
"1","
"
"1","
"
"1","
"
"1","$characters[[229]]
"
"1","$characters[[229]]$name
"
"1","[1]"
"1"," ""Tion Frey"""
"1","
"
"1","
"
"1","$characters[[229]]$gender
"
"1","[1]"
"1"," ""Male"""
"1","
"
"1","
"
"1","
"
"1","$characters[[230]]
"
"1","$characters[[230]]$name
"
"1","[1]"
"1"," ""Tommen Baratheon"""
"1","
"
"1","
"
"1","$characters[[230]]$gender
"
"1","[1]"
"1"," ""Male"""
"1","
"
"1","
"
"1","
"
"1","$characters[[231]]
"
"1","$characters[[231]]$name
"
"1","[1]"
"1"," ""Torrhen Karstark"""
"1","
"
"1","
"
"1","$characters[[231]]$gender
"
"1","[1]"
"1"," ""Male"""
"1","
"
"1","
"
"1","
"
"1","$characters[[232]]
"
"1","$characters[[232]]$name
"
"1","[1]"
"1"," ""Torrhen Stark"""
"1","
"
"1","
"
"1","$characters[[232]]$gender
"
"1","[1]"
"1"," ""Male"""
"1","
"
"1","
"
"1","
"
"1","$characters[[233]]
"
"1","$characters[[233]]$name
"
"1","[1]"
"1"," ""Trystane Martell"""
"1","
"
"1","
"
"1","$characters[[233]]$gender
"
"1","[1]"
"1"," ""Male"""
"1","
"
"1","
"
"1","
"
"1","$characters[[234]]
"
"1","$characters[[234]]$name
"
"1","[1]"
"1"," ""Tya Lannister"""
"1","
"
"1","
"
"1","$characters[[234]]$gender
"
"1","[1]"
"1"," ""Female"""
"1","
"
"1","
"
"1","
"
"1","$characters[[235]]
"
"1","$characters[[235]]$name
"
"1","[1]"
"1"," ""Tygett Lannister"""
"1","
"
"1","
"
"1","$characters[[235]]$gender
"
"1","[1]"
"1"," ""Male"""
"1","
"
"1","
"
"1","
"
"1","$characters[[236]]
"
"1","$characters[[236]]$name
"
"1","[1]"
"1"," ""Tyrek Lannister"""
"1","
"
"1","
"
"1","$characters[[236]]$gender
"
"1","[1]"
"1"," ""Male"""
"1","
"
"1","
"
"1","
"
"1","$characters[[237]]
"
"1","$characters[[237]]$name
"
"1","[1]"
"1"," ""Tytos Brax"""
"1","
"
"1","
"
"1","$characters[[237]]$gender
"
"1","[1]"
"1"," ""Male"""
"1","
"
"1","
"
"1","
"
"1","$characters[[238]]
"
"1","$characters[[238]]$name
"
"1","[1]"
"1"," ""Utherydes Wayn"""
"1","
"
"1","
"
"1","$characters[[238]]$gender
"
"1","[1]"
"1"," ""Male"""
"1","
"
"1","
"
"1","
"
"1","$characters[[239]]
"
"1","$characters[[239]]$name
"
"1","[1]"
"1"," ""Vardis Egen"""
"1","
"
"1","
"
"1","$characters[[239]]$gender
"
"1","[1]"
"1"," ""Male"""
"1","
"
"1","
"
"1","
"
"1","$characters[[240]]
"
"1","$characters[[240]]$name
"
"1","[1]"
"1"," ""Vayon Poole"""
"1","
"
"1","
"
"1","$characters[[240]]$gender
"
"1","[1]"
"1"," ""Male"""
"1","
"
"1","
"
"1","
"
"1","$characters[[241]]
"
"1","$characters[[241]]$name
"
"1","[1]"
"1"," ""Vickon Greyjoy"""
"1","
"
"1","
"
"1","$characters[[241]]$gender
"
"1","[1]"
"1"," ""Male"""
"1","
"
"1","
"
"1","
"
"1","$characters[[242]]
"
"1","$characters[[242]]$name
"
"1","[1]"
"1"," ""Victarion Greyjoy"""
"1","
"
"1","
"
"1","$characters[[242]]$gender
"
"1","[1]"
"1"," ""Male"""
"1","
"
"1","
"
"1","
"
"1","$characters[[243]]
"
"1","$characters[[243]]$name
"
"1","[1]"
"1"," ""Viserys I"""
"1","
"
"1","
"
"1","$characters[[243]]$gender
"
"1","[1]"
"1"," ""Male"""
"1","
"
"1","
"
"1","
"
"1","$characters[[244]]
"
"1","$characters[[244]]$name
"
"1","[1]"
"1"," ""Viserys II"""
"1","
"
"1","
"
"1","$characters[[244]]$gender
"
"1","[1]"
"1"," ""Male"""
"1","
"
"1","
"
"1","
"
"1","$characters[[245]]
"
"1","$characters[[245]]$name
"
"1","[1]"
"1"," ""Viserys Targaryen"""
"1","
"
"1","
"
"1","$characters[[245]]$gender
"
"1","[1]"
"1"," ""Male"""
"1","
"
"1","
"
"1","
"
"1","$characters[[246]]
"
"1","$characters[[246]]$name
"
"1","[1]"
"1"," ""Vortimer Crane"""
"1","
"
"1","
"
"1","$characters[[246]]$gender
"
"1","[1]"
"1"," ""Male"""
"1","
"
"1","
"
"1","
"
"1","$characters[[247]]
"
"1","$characters[[247]]$name
"
"1","[1]"
"1"," ""Walder Frey"""
"1","
"
"1","
"
"1","$characters[[247]]$gender
"
"1","[1]"
"1"," ""Male"""
"1","
"
"1","
"
"1","
"
"1","$characters[[248]]
"
"1","$characters[[248]]$name
"
"1","[1]"
"1"," ""Walder Frey"""
"1","
"
"1","
"
"1","$characters[[248]]$gender
"
"1","[1]"
"1"," ""Male"""
"1","
"
"1","
"
"1","
"
"1","$characters[[249]]
"
"1","$characters[[249]]$name
"
"1","[1]"
"1"," ""Walder Frey"""
"1","
"
"1","
"
"1","$characters[[249]]$gender
"
"1","[1]"
"1"," ""Male"""
"1","
"
"1","
"
"1","
"
"1","$characters[[250]]
"
"1","$characters[[250]]$name
"
"1","[1]"
"1"," ""Walder Frey"""
"1","
"
"1","
"
"1","$characters[[250]]$gender
"
"1","[1]"
"1"," ""Male"""
"1","
"
"1","
"
"1","
"
"1","$characters[[251]]
"
"1","$characters[[251]]$name
"
"1","[1]"
"1"," ""Walder Rivers"""
"1","
"
"1","
"
"1","$characters[[251]]$gender
"
"1","[1]"
"1"," ""Male"""
"1","
"
"1","
"
"1","
"
"1","$characters[[252]]
"
"1","$characters[[252]]$name
"
"1","[1]"
"1"," ""Waymar Royce"""
"1","
"
"1","
"
"1","$characters[[252]]$gender
"
"1","[1]"
"1"," ""Male"""
"1","
"
"1","
"
"1","
"
"1","$characters[[253]]
"
"1","$characters[[253]]$name
"
"1","[1]"
"1"," ""Wendel Manderly"""
"1","
"
"1","
"
"1","$characters[[253]]$gender
"
"1","[1]"
"1"," ""Male"""
"1","
"
"1","
"
"1","
"
"1","$characters[[254]]
"
"1","$characters[[254]]$name
"
"1","[1]"
"1"," ""Whalen Frey"""
"1","
"
"1","
"
"1","$characters[[254]]$gender
"
"1","[1]"
"1"," ""Male"""
"1","
"
"1","
"
"1","
"
"1","$characters[[255]]
"
"1","$characters[[255]]$name
"
"1","[1]"
"1"," ""Willam Dustin"""
"1","
"
"1","
"
"1","$characters[[255]]$gender
"
"1","[1]"
"1"," ""Male"""
"1","
"
"1","
"
"1","
"
"1","$characters[[256]]
"
"1","$characters[[256]]$name
"
"1","[1]"
"1"," ""Willas Tyrell"""
"1","
"
"1","
"
"1","$characters[[256]]$gender
"
"1","[1]"
"1"," ""Male"""
"1","
"
"1","
"
"1","
"
"1","$characters[[257]]
"
"1","$characters[[257]]$name
"
"1","[1]"
"1"," ""Willem Darry"""
"1","
"
"1","
"
"1","$characters[[257]]$gender
"
"1","[1]"
"1"," ""Male"""
"1","
"
"1","
"
"1","
"
"1","$characters[[258]]
"
"1","$characters[[258]]$name
"
"1","[1]"
"1"," ""Willem Lannister"""
"1","
"
"1","
"
"1","$characters[[258]]$gender
"
"1","[1]"
"1"," ""Male"""
"1","
"
"1","
"
"1","
"
"1","$characters[[259]]
"
"1","$characters[[259]]$name
"
"1","[1]"
"1"," ""Willis Wode"""
"1","
"
"1","
"
"1","$characters[[259]]$gender
"
"1","[1]"
"1"," ""Male"""
"1","
"
"1","
"
"1","
"
"1","$characters[[260]]
"
"1","$characters[[260]]$name
"
"1","[1]"
"1"," ""Wylis Manderly"""
"1","
"
"1","
"
"1","$characters[[260]]$gender
"
"1","[1]"
"1"," ""Male"""
"1","
"
"1","
"
"1","
"
"1","$characters[[261]]
"
"1","$characters[[261]]$name
"
"1","[1]"
"1"," ""Wyman Manderly"""
"1","
"
"1","
"
"1","$characters[[261]]$gender
"
"1","[1]"
"1"," ""Male"""
"1","
"
"1","
"
"1","
"
"1","$characters[[262]]
"
"1","$characters[[262]]$name
"
"1","[1]"
"1"," ""Yohn Royce"""
"1","
"
"1","
"
"1","$characters[[262]]$gender
"
"1","[1]"
"1"," ""Male"""
"1","
"
"1","
"
"1","
"
"1","$characters[[263]]
"
"1","$characters[[263]]$name
"
"1","[1]"
"1"," ""Yoren"""
"1","
"
"1","
"
"1","$characters[[263]]$gender
"
"1","[1]"
"1"," ""Male"""
"1","
"
"1","
"
"1","
"
"1","$characters[[264]]
"
"1","$characters[[264]]$name
"
"1","[1]"
"1"," ""Aethelmure"""
"1","
"
"1","
"
"1","$characters[[264]]$gender
"
"1","[1]"
"1"," ""Male"""
"1","
"
"1","
"
"1","
"
"1","$characters[[265]]
"
"1","$characters[[265]]$name
"
"1","[1]"
"1"," ""Aggo"""
"1","
"
"1","
"
"1","$characters[[265]]$gender
"
"1","[1]"
"1"," ""Male"""
"1","
"
"1","
"
"1","
"
"1","$characters[[266]]
"
"1","$characters[[266]]$name
"
"1","[1]"
"1"," ""Albett"""
"1","
"
"1","
"
"1","$characters[[266]]$gender
"
"1","[1]"
"1"," ""Male"""
"1","
"
"1","
"
"1","
"
"1","$characters[[267]]
"
"1","$characters[[267]]$name
"
"1","[1]"
"1"," ""Alia of Braavos"""
"1","
"
"1","
"
"1","$characters[[267]]$gender
"
"1","[1]"
"1"," ""Female"""
"1","
"
"1","
"
"1","
"
"1","$characters[[268]]
"
"1","$characters[[268]]$name
"
"1","[1]"
"1"," ""Alyn"""
"1","
"
"1","
"
"1","$characters[[268]]$gender
"
"1","[1]"
"1"," ""Male"""
"1","
"
"1","
"
"1","
"
"1","$characters[[269]]
"
"1","$characters[[269]]$name
"
"1","[1]"
"1"," ""Anguy"""
"1","
"
"1","
"
"1","$characters[[269]]$gender
"
"1","[1]"
"1"," ""Male"""
"1","
"
"1","
"
"1","
"
"1","$characters[[270]]
"
"1","$characters[[270]]$name
"
"1","[1]"
"1"," ""Areo Hotah"""
"1","
"
"1","
"
"1","$characters[[270]]$gender
"
"1","[1]"
"1"," ""Male"""
"1","
"
"1","
"
"1","
"
"1","$characters[[271]]
"
"1","$characters[[271]]$name
"
"1","[1]"
"1"," ""Ayrmidon"""
"1","
"
"1","
"
"1","$characters[[271]]$gender
"
"1","[1]"
"1"," ""Male"""
"1","
"
"1","
"
"1","
"
"1","$characters[[272]]
"
"1","$characters[[272]]$name
"
"1","[1]"
"1"," ""Barra"""
"1","
"
"1","
"
"1","$characters[[272]]$gender
"
"1","[1]"
"1"," ""Female"""
"1","
"
"1","
"
"1","
"
"1","$characters[[273]]
"
"1","$characters[[273]]$name
"
"1","[1]"
"1"," ""Becca"""
"1","
"
"1","
"
"1","$characters[[273]]$gender
"
"1","[1]"
"1"," ""Female"""
"1","
"
"1","
"
"1","
"
"1","$characters[[274]]
"
"1","$characters[[274]]$name
"
"1","[1]"
"1"," ""Bessa"""
"1","
"
"1","
"
"1","$characters[[274]]$gender
"
"1","[1]"
"1"," ""Female"""
"1","
"
"1","
"
"1","
"
"1","$characters[[275]]
"
"1","$characters[[275]]$name
"
"1","[1]"
"1"," ""Bharbo"""
"1","
"
"1","
"
"1","$characters[[275]]$gender
"
"1","[1]"
"1"," ""Male"""
"1","
"
"1","
"
"1","
"
"1","$characters[[276]]
"
"1","$characters[[276]]$name
"
"1","[1]"
"1"," ""Borcas"""
"1","
"
"1","
"
"1","$characters[[276]]$gender
"
"1","[1]"
"1"," ""Male"""
"1","
"
"1","
"
"1","
"
"1","$characters[[277]]
"
"1","$characters[[277]]$name
"
"1","[1]"
"1"," ""Buu"""
"1","
"
"1","
"
"1","$characters[[277]]$gender
"
"1","[1]"
"1"," ""Female"""
"1","
"
"1","
"
"1","
"
"1","$characters[[278]]
"
"1","$characters[[278]]$name
"
"1","[1]"
"1"," ""Byan Votyris"""
"1","
"
"1","
"
"1","$characters[[278]]$gender
"
"1","[1]"
"1"," ""Male"""
"1","
"
"1","
"
"1","
"
"1","$characters[[279]]
"
"1","$characters[[279]]$name
"
"1","[1]"
"1"," ""Caleotte"""
"1","
"
"1","
"
"1","$characters[[279]]$gender
"
"1","[1]"
"1"," ""Male"""
"1","
"
"1","
"
"1","
"
"1","$characters[[280]]
"
"1","$characters[[280]]$name
"
"1","[1]"
"1"," ""Cayn"""
"1","
"
"1","
"
"1","$characters[[280]]$gender
"
"1","[1]"
"1"," ""Male"""
"1","
"
"1","
"
"1","
"
"1","$characters[[281]]
"
"1","$characters[[281]]$name
"
"1","[1]"
"1"," ""Cellador"""
"1","
"
"1","
"
"1","$characters[[281]]$gender
"
"1","[1]"
"1"," ""Male"""
"1","
"
"1","
"
"1","
"
"1","$characters[[282]]
"
"1","$characters[[282]]$name
"
"1","[1]"
"1"," ""Chataya"""
"1","
"
"1","
"
"1","$characters[[282]]$gender
"
"1","[1]"
"1"," ""Female"""
"1","
"
"1","
"
"1","
"
"1","$characters[[283]]
"
"1","$characters[[283]]$name
"
"1","[1]"
"1"," ""Chella daughter of Cheyk"""
"1","
"
"1","
"
"1","$characters[[283]]$gender
"
"1","[1]"
"1"," ""Female"""
"1","
"
"1","
"
"1","
"
"1","$characters[[284]]
"
"1","$characters[[284]]$name
"
"1","[1]"
"1"," ""Chett"""
"1","
"
"1","
"
"1","$characters[[284]]$gender
"
"1","[1]"
"1"," ""Male"""
"1","
"
"1","
"
"1","
"
"1","$characters[[285]]
"
"1","$characters[[285]]$name
"
"1","[1]"
"1"," ""Cheyk"""
"1","
"
"1","
"
"1","$characters[[285]]$gender
"
"1","[1]"
"1"," ""Female"""
"1","
"
"1","
"
"1","
"
"1","$characters[[286]]
"
"1","$characters[[286]]$name
"
"1","[1]"
"1"," ""Chiggen"""
"1","
"
"1","
"
"1","$characters[[286]]$gender
"
"1","[1]"
"1"," ""Male"""
"1","
"
"1","
"
"1","
"
"1","$characters[[287]]
"
"1","$characters[[287]]$name
"
"1","[1]"
"1"," ""Cleos Frey"""
"1","
"
"1","
"
"1","$characters[[287]]$gender
"
"1","[1]"
"1"," ""Male"""
"1","
"
"1","
"
"1","
"
"1","$characters[[288]]
"
"1","$characters[[288]]$name
"
"1","[1]"
"1"," ""Clydas"""
"1","
"
"1","
"
"1","$characters[[288]]$gender
"
"1","[1]"
"1"," ""Male"""
"1","
"
"1","
"
"1","
"
"1","$characters[[289]]
"
"1","$characters[[289]]$name
"
"1","[1]"
"1"," ""Cohollo"""
"1","
"
"1","
"
"1","$characters[[289]]$gender
"
"1","[1]"
"1"," ""Male"""
"1","
"
"1","
"
"1","
"
"1","$characters[[290]]
"
"1","$characters[[290]]$name
"
"1","[1]"
"1"," ""Colemon"""
"1","
"
"1","
"
"1","$characters[[290]]$gender
"
"1","[1]"
"1"," ""Male"""
"1","
"
"1","
"
"1","
"
"1","$characters[[291]]
"
"1","$characters[[291]]$name
"
"1","[1]"
"1"," ""Conn son of Coratt"""
"1","
"
"1","
"
"1","$characters[[291]]$gender
"
"1","[1]"
"1"," ""Male"""
"1","
"
"1","
"
"1","
"
"1","$characters[[292]]
"
"1","$characters[[292]]$name
"
"1","[1]"
"1"," ""Coratt"""
"1","
"
"1","
"
"1","$characters[[292]]$gender
"
"1","[1]"
"1"," ""Male"""
"1","
"
"1","
"
"1","
"
"1","$characters[[293]]
"
"1","$characters[[293]]$name
"
"1","[1]"
"1"," ""Cotter Pyke"""
"1","
"
"1","
"
"1","$characters[[293]]$gender
"
"1","[1]"
"1"," ""Male"""
"1","
"
"1","
"
"1","
"
"1","$characters[[294]]
"
"1","$characters[[294]]$name
"
"1","[1]"
"1"," ""Cuger"""
"1","
"
"1","
"
"1","$characters[[294]]$gender
"
"1","[1]"
"1"," ""Male"""
"1","
"
"1","
"
"1","
"
"1","$characters[[295]]
"
"1","$characters[[295]]$name
"
"1","[1]"
"1"," ""Dacks"""
"1","
"
"1","
"
"1","$characters[[295]]$gender
"
"1","[1]"
"1"," ""Male"""
"1","
"
"1","
"
"1","
"
"1","$characters[[296]]
"
"1","$characters[[296]]$name
"
"1","[1]"
"1"," ""Daeryssa"""
"1","
"
"1","
"
"1","$characters[[296]]$gender
"
"1","[1]"
"1"," ""Female"""
"1","
"
"1","
"
"1","
"
"1","$characters[[297]]
"
"1","$characters[[297]]$name
"
"1","[1]"
"1"," ""Dareon"""
"1","
"
"1","
"
"1","$characters[[297]]$gender
"
"1","[1]"
"1"," ""Male"""
"1","
"
"1","
"
"1","
"
"1","$characters[[298]]
"
"1","$characters[[298]]$name
"
"1","[1]"
"1"," ""Desmond"""
"1","
"
"1","
"
"1","$characters[[298]]$gender
"
"1","[1]"
"1"," ""Male"""
"1","
"
"1","
"
"1","
"
"1","$characters[[299]]
"
"1","$characters[[299]]$name
"
"1","[1]"
"1"," ""Dolf son of Holger"""
"1","
"
"1","
"
"1","$characters[[299]]$gender
"
"1","[1]"
"1"," ""Male"""
"1","
"
"1","
"
"1","
"
"1","$characters[[300]]
"
"1","$characters[[300]]$name
"
"1","[1]"
"1"," ""Donnel Waynwood"""
"1","
"
"1","
"
"1","$characters[[300]]$gender
"
"1","[1]"
"1"," ""Male"""
"1","
"
"1","
"
"1","
"
"1","$characters[[301]]
"
"1","$characters[[301]]$name
"
"1","[1]"
"1"," ""Donnis"""
"1","
"
"1","
"
"1","$characters[[301]]$gender
"
"1","[1]"
"1"," ""Male"""
"1","
"
"1","
"
"1","
"
"1","$characters[[302]]
"
"1","$characters[[302]]$name
"
"1","[1]"
"1"," ""Doreah"""
"1","
"
"1","
"
"1","$characters[[302]]$gender
"
"1","[1]"
"1"," ""Female"""
"1","
"
"1","
"
"1","
"
"1","$characters[[303]]
"
"1","$characters[[303]]$name
"
"1","[1]"
"1"," ""Drogo"""
"1","
"
"1","
"
"1","$characters[[303]]$gender
"
"1","[1]"
"1"," ""Male"""
"1","
"
"1","
"
"1","
"
"1","$characters[[304]]
"
"1","$characters[[304]]$name
"
"1","[1]"
"1"," ""Dywen"""
"1","
"
"1","
"
"1","$characters[[304]]$gender
"
"1","[1]"
"1"," ""Male"""
"1","
"
"1","
"
"1","
"
"1","$characters[[305]]
"
"1","$characters[[305]]$name
"
"1","[1]"
"1"," ""Edric Storm"""
"1","
"
"1","
"
"1","$characters[[305]]$gender
"
"1","[1]"
"1"," ""Male"""
"1","
"
"1","
"
"1","
"
"1","$characters[[306]]
"
"1","$characters[[306]]$name
"
"1","[1]"
"1"," ""Eroeh"""
"1","
"
"1","
"
"1","$characters[[306]]$gender
"
"1","[1]"
"1"," ""Female"""
"1","
"
"1","
"
"1","
"
"1","$characters[[307]]
"
"1","$characters[[307]]$name
"
"1","[1]"
"1"," ""Farlen"""
"1","
"
"1","
"
"1","$characters[[307]]$gender
"
"1","[1]"
"1"," ""Male"""
"1","
"
"1","
"
"1","
"
"1","$characters[[308]]
"
"1","$characters[[308]]$name
"
"1","[1]"
"1"," ""Fogo"""
"1","
"
"1","
"
"1","$characters[[308]]$gender
"
"1","[1]"
"1"," ""Male"""
"1","
"
"1","
"
"1","
"
"1","$characters[[309]]
"
"1","$characters[[309]]$name
"
"1","[1]"
"1"," ""Gage"""
"1","
"
"1","
"
"1","$characters[[309]]$gender
"
"1","[1]"
"1"," ""Male"""
"1","
"
"1","
"
"1","
"
"1","$characters[[310]]
"
"1","$characters[[310]]$name
"
"1","[1]"
"1"," ""Garrett Flowers"""
"1","
"
"1","
"
"1","$characters[[310]]$gender
"
"1","[1]"
"1"," ""Male"""
"1","
"
"1","
"
"1","
"
"1","$characters[[311]]
"
"1","$characters[[311]]$name
"
"1","[1]"
"1"," ""Garse Flowers"""
"1","
"
"1","
"
"1","$characters[[311]]$gender
"
"1","[1]"
"1"," ""Male"""
"1","
"
"1","
"
"1","
"
"1","$characters[[312]]
"
"1","$characters[[312]]$name
"
"1","[1]"
"1"," ""Gendry"""
"1","
"
"1","
"
"1","$characters[[312]]$gender
"
"1","[1]"
"1"," ""Male"""
"1","
"
"1","
"
"1","
"
"1","$characters[[313]]
"
"1","$characters[[313]]$name
"
"1","[1]"
"1"," ""Godwyn"""
"1","
"
"1","
"
"1","$characters[[313]]$gender
"
"1","[1]"
"1"," ""Male"""
"1","
"
"1","
"
"1","
"
"1","$characters[[314]]
"
"1","$characters[[314]]$name
"
"1","[1]"
"1"," ""Gormon Tyrell"""
"1","
"
"1","
"
"1","$characters[[314]]$gender
"
"1","[1]"
"1"," ""Male"""
"1","
"
"1","
"
"1","
"
"1","$characters[[315]]
"
"1","$characters[[315]]$name
"
"1","[1]"
"1"," ""Gregor Clegane"""
"1","
"
"1","
"
"1","$characters[[315]]$gender
"
"1","[1]"
"1"," ""Male"""
"1","
"
"1","
"
"1","
"
"1","$characters[[316]]
"
"1","$characters[[316]]$name
"
"1","[1]"
"1"," ""Grey King"""
"1","
"
"1","
"
"1","$characters[[316]]$gender
"
"1","[1]"
"1"," ""Male"""
"1","
"
"1","
"
"1","
"
"1","$characters[[317]]
"
"1","$characters[[317]]$name
"
"1","[1]"
"1"," ""Gueren"""
"1","
"
"1","
"
"1","$characters[[317]]$gender
"
"1","[1]"
"1"," ""Male"""
"1","
"
"1","
"
"1","
"
"1","$characters[[318]]
"
"1","$characters[[318]]$name
"
"1","[1]"
"1"," ""Gunthor son of Gurn"""
"1","
"
"1","
"
"1","$characters[[318]]$gender
"
"1","[1]"
"1"," ""Male"""
"1","
"
"1","
"
"1","
"
"1","$characters[[319]]
"
"1","$characters[[319]]$name
"
"1","[1]"
"1"," ""Gurn"""
"1","
"
"1","
"
"1","$characters[[319]]$gender
"
"1","[1]"
"1"," ""Male"""
"1","
"
"1","
"
"1","
"
"1","$characters[[320]]
"
"1","$characters[[320]]$name
"
"1","[1]"
"1"," ""Haggo"""
"1","
"
"1","
"
"1","$characters[[320]]$gender
"
"1","[1]"
"1"," ""Male"""
"1","
"
"1","
"
"1","
"
"1","$characters[[321]]
"
"1","$characters[[321]]$name
"
"1","[1]"
"1"," ""Hake"""
"1","
"
"1","
"
"1","$characters[[321]]$gender
"
"1","[1]"
"1"," ""Male"""
"1","
"
"1","
"
"1","
"
"1","$characters[[322]]
"
"1","$characters[[322]]$name
"
"1","[1]"
"1"," ""Halder"""
"1","
"
"1","
"
"1","$characters[[322]]$gender
"
"1","[1]"
"1"," ""Male"""
"1","
"
"1","
"
"1","
"
"1","$characters[[323]]
"
"1","$characters[[323]]$name
"
"1","[1]"
"1"," ""Hali"""
"1","
"
"1","
"
"1","$characters[[323]]$gender
"
"1","[1]"
"1"," ""Female"""
"1","
"
"1","
"
"1","
"
"1","$characters[[324]]
"
"1","$characters[[324]]$name
"
"1","[1]"
"1"," ""Harwin"""
"1","
"
"1","
"
"1","$characters[[324]]$gender
"
"1","[1]"
"1"," ""Male"""
"1","
"
"1","
"
"1","
"
"1","$characters[[325]]
"
"1","$characters[[325]]$name
"
"1","[1]"
"1"," ""Heward"""
"1","
"
"1","
"
"1","$characters[[325]]$gender
"
"1","[1]"
"1"," ""Male"""
"1","
"
"1","
"
"1","
"
"1","$characters[[326]]
"
"1","$characters[[326]]$name
"
"1","[1]"
"1"," ""Hobb"""
"1","
"
"1","
"
"1","$characters[[326]]$gender
"
"1","[1]"
"1"," ""Male"""
"1","
"
"1","
"
"1","
"
"1","$characters[[327]]
"
"1","$characters[[327]]$name
"
"1","[1]"
"1"," ""Hullen"""
"1","
"
"1","
"
"1","$characters[[327]]$gender
"
"1","[1]"
"1"," ""Male"""
"1","
"
"1","
"
"1","
"
"1","$characters[[328]]
"
"1","$characters[[328]]$name
"
"1","[1]"
"1"," ""Illyrio Mopatis"""
"1","
"
"1","
"
"1","$characters[[328]]$gender
"
"1","[1]"
"1"," ""Male"""
"1","
"
"1","
"
"1","
"
"1","$characters[[329]]
"
"1","$characters[[329]]$name
"
"1","[1]"
"1"," ""Irri"""
"1","
"
"1","
"
"1","$characters[[329]]$gender
"
"1","[1]"
"1"," ""Female"""
"1","
"
"1","
"
"1","
"
"1","$characters[[330]]
"
"1","$characters[[330]]$name
"
"1","[1]"
"1"," ""Jacks"""
"1","
"
"1","
"
"1","$characters[[330]]$gender
"
"1","[1]"
"1"," ""Male"""
"1","
"
"1","
"
"1","
"
"1","$characters[[331]]
"
"1","$characters[[331]]$name
"
"1","[1]"
"1"," ""Jafer Flowers"""
"1","
"
"1","
"
"1","$characters[[331]]$gender
"
"1","[1]"
"1"," ""Male"""
"1","
"
"1","
"
"1","
"
"1","$characters[[332]]
"
"1","$characters[[332]]$name
"
"1","[1]"
"1"," ""Jaggot"""
"1","
"
"1","
"
"1","$characters[[332]]$gender
"
"1","[1]"
"1"," ""Male"""
"1","
"
"1","
"
"1","
"
"1","$characters[[333]]
"
"1","$characters[[333]]$name
"
"1","[1]"
"1"," ""Jalabhar Xho"""
"1","
"
"1","
"
"1","$characters[[333]]$gender
"
"1","[1]"
"1"," ""Male"""
"1","
"
"1","
"
"1","
"
"1","$characters[[334]]
"
"1","$characters[[334]]$name
"
"1","[1]"
"1"," ""Jeren"""
"1","
"
"1","
"
"1","$characters[[334]]$gender
"
"1","[1]"
"1"," ""Male"""
"1","
"
"1","
"
"1","
"
"1","$characters[[335]]
"
"1","$characters[[335]]$name
"
"1","[1]"
"1"," ""Jhaqo"""
"1","
"
"1","
"
"1","$characters[[335]]$gender
"
"1","[1]"
"1"," ""Male"""
"1","
"
"1","
"
"1","
"
"1","$characters[[336]]
"
"1","$characters[[336]]$name
"
"1","[1]"
"1"," ""Jhiqui"""
"1","
"
"1","
"
"1","$characters[[336]]$gender
"
"1","[1]"
"1"," ""Female"""
"1","
"
"1","
"
"1","
"
"1","$characters[[337]]
"
"1","$characters[[337]]$name
"
"1","[1]"
"1"," ""Jhogo"""
"1","
"
"1","
"
"1","$characters[[337]]$gender
"
"1","[1]"
"1"," ""Male"""
"1","
"
"1","
"
"1","
"
"1","$characters[[338]]
"
"1","$characters[[338]]$name
"
"1","[1]"
"1"," ""Jommo"""
"1","
"
"1","
"
"1","$characters[[338]]$gender
"
"1","[1]"
"1"," ""Male"""
"1","
"
"1","
"
"1","
"
"1","$characters[[339]]
"
"1","$characters[[339]]$name
"
"1","[1]"
"1"," ""Jonos Bracken"""
"1","
"
"1","
"
"1","$characters[[339]]$gender
"
"1","[1]"
"1"," ""Male"""
"1","
"
"1","
"
"1","
"
"1","$characters[[340]]
"
"1","$characters[[340]]$name
"
"1","[1]"
"1"," ""Jorah Mormont"""
"1","
"
"1","
"
"1","$characters[[340]]$gender
"
"1","[1]"
"1"," ""Male"""
"1","
"
"1","
"
"1","
"
"1","$characters[[341]]
"
"1","$characters[[341]]$name
"
"1","[1]"
"1"," ""Joseth"""
"1","
"
"1","
"
"1","$characters[[341]]$gender
"
"1","[1]"
"1"," ""Male"""
"1","
"
"1","
"
"1","
"
"1","$characters[[342]]
"
"1","$characters[[342]]$name
"
"1","[1]"
"1"," ""Joss"""
"1","
"
"1","
"
"1","$characters[[342]]$gender
"
"1","[1]"
"1"," ""Male"""
"1","
"
"1","
"
"1","
"
"1","$characters[[343]]
"
"1","$characters[[343]]$name
"
"1","[1]"
"1"," ""Joss Stilwood"""
"1","
"
"1","
"
"1","$characters[[343]]$gender
"
"1","[1]"
"1"," ""Male"""
"1","
"
"1","
"
"1","
"
"1","$characters[[344]]
"
"1","$characters[[344]]$name
"
"1","[1]"
"1"," ""Joy Hill"""
"1","
"
"1","
"
"1","$characters[[344]]$gender
"
"1","[1]"
"1"," ""Female"""
"1","
"
"1","
"
"1","
"
"1","$characters[[345]]
"
"1","$characters[[345]]$name
"
"1","[1]"
"1"," ""Jyck"""
"1","
"
"1","
"
"1","$characters[[345]]$gender
"
"1","[1]"
"1"," ""Male"""
"1","
"
"1","
"
"1","
"
"1","$characters[[346]]
"
"1","$characters[[346]]$name
"
"1","[1]"
"1"," ""Ketter"""
"1","
"
"1","
"
"1","$characters[[346]]$gender
"
"1","[1]"
"1"," ""Male"""
"1","
"
"1","
"
"1","
"
"1","$characters[[347]]
"
"1","$characters[[347]]$name
"
"1","[1]"
"1"," ""Kurleket"""
"1","
"
"1","
"
"1","$characters[[347]]$gender
"
"1","[1]"
"1"," ""Male"""
"1","
"
"1","
"
"1","
"
"1","$characters[[348]]
"
"1","$characters[[348]]$name
"
"1","[1]"
"1"," ""Kyra"""
"1","
"
"1","
"
"1","$characters[[348]]$gender
"
"1","[1]"
"1"," ""Female"""
"1","
"
"1","
"
"1","
"
"1","$characters[[349]]
"
"1","$characters[[349]]$name
"
"1","[1]"
"1"," ""Lew"""
"1","
"
"1","
"
"1","$characters[[349]]$gender
"
"1","[1]"
"1"," ""Male"""
"1","
"
"1","
"
"1","
"
"1","$characters[[350]]
"
"1","$characters[[350]]$name
"
"1","[1]"
"1"," ""Lharys"""
"1","
"
"1","
"
"1","$characters[[350]]$gender
"
"1","[1]"
"1"," ""Male"""
"1","
"
"1","
"
"1","
"
"1","$characters[[351]]
"
"1","$characters[[351]]$name
"
"1","[1]"
"1"," ""Lomys"""
"1","
"
"1","
"
"1","$characters[[351]]$gender
"
"1","[1]"
"1"," ""Male"""
"1","
"
"1","
"
"1","
"
"1","$characters[[352]]
"
"1","$characters[[352]]$name
"
"1","[1]"
"1"," ""Loren I Lannister"""
"1","
"
"1","
"
"1","$characters[[352]]$gender
"
"1","[1]"
"1"," ""Male"""
"1","
"
"1","
"
"1","
"
"1","$characters[[353]]
"
"1","$characters[[353]]$name
"
"1","[1]"
"1"," ""Luwin"""
"1","
"
"1","
"
"1","$characters[[353]]$gender
"
"1","[1]"
"1"," ""Male"""
"1","
"
"1","
"
"1","
"
"1","$characters[[354]]
"
"1","$characters[[354]]$name
"
"1","[1]"
"1"," ""Lyanna Stark"""
"1","
"
"1","
"
"1","$characters[[354]]$gender
"
"1","[1]"
"1"," ""Female"""
"1","
"
"1","
"
"1","
"
"1","$characters[[355]]
"
"1","$characters[[355]]$name
"
"1","[1]"
"1"," ""Mago"""
"1","
"
"1","
"
"1","$characters[[355]]$gender
"
"1","[1]"
"1"," ""Male"""
"1","
"
"1","
"
"1","
"
"1","$characters[[356]]
"
"1","$characters[[356]]$name
"
"1","[1]"
"1"," ""Malleon"""
"1","
"
"1","
"
"1","$characters[[356]]$gender
"
"1","[1]"
"1"," ""Male"""
"1","
"
"1","
"
"1","
"
"1","$characters[[357]]
"
"1","$characters[[357]]$name
"
"1","[1]"
"1"," ""Mallor"""
"1","
"
"1","
"
"1","$characters[[357]]$gender
"
"1","[1]"
"1"," ""Male"""
"1","
"
"1","
"
"1","
"
"1","$characters[[358]]
"
"1","$characters[[358]]$name
"
"1","[1]"
"1"," ""Mance Rayder"""
"1","
"
"1","
"
"1","$characters[[358]]$gender
"
"1","[1]"
"1"," ""Male"""
"1","
"
"1","
"
"1","
"
"1","$characters[[359]]
"
"1","$characters[[359]]$name
"
"1","[1]"
"1"," ""Marillion"""
"1","
"
"1","
"
"1","$characters[[359]]$gender
"
"1","[1]"
"1"," ""Male"""
"1","
"
"1","
"
"1","
"
"1","$characters[[360]]
"
"1","$characters[[360]]$name
"
"1","[1]"
"1"," ""Martyn Rivers"""
"1","
"
"1","
"
"1","$characters[[360]]$gender
"
"1","[1]"
"1"," ""Male"""
"1","
"
"1","
"
"1","
"
"1","$characters[[361]]
"
"1","$characters[[361]]$name
"
"1","[1]"
"1"," ""Marwyn"""
"1","
"
"1","
"
"1","$characters[[361]]$gender
"
"1","[1]"
"1"," ""Male"""
"1","
"
"1","
"
"1","
"
"1","$characters[[362]]
"
"1","$characters[[362]]$name
"
"1","[1]"
"1"," ""Masha Heddle"""
"1","
"
"1","
"
"1","$characters[[362]]$gender
"
"1","[1]"
"1"," ""Female"""
"1","
"
"1","
"
"1","
"
"1","$characters[[363]]
"
"1","$characters[[363]]$name
"
"1","[1]"
"1"," ""Matthar"""
"1","
"
"1","
"
"1","$characters[[363]]$gender
"
"1","[1]"
"1"," ""Male"""
"1","
"
"1","
"
"1","
"
"1","$characters[[364]]
"
"1","$characters[[364]]$name
"
"1","[1]"
"1"," ""Mellario"""
"1","
"
"1","
"
"1","$characters[[364]]$gender
"
"1","[1]"
"1"," ""Female"""
"1","
"
"1","
"
"1","
"
"1","$characters[[365]]
"
"1","$characters[[365]]$name
"
"1","[1]"
"1"," ""Mikken"""
"1","
"
"1","
"
"1","$characters[[365]]$gender
"
"1","[1]"
"1"," ""Male"""
"1","
"
"1","
"
"1","
"
"1","$characters[[366]]
"
"1","$characters[[366]]$name
"
"1","[1]"
"1"," ""Mirri Maz Duur"""
"1","
"
"1","
"
"1","$characters[[366]]$gender
"
"1","[1]"
"1"," ""Female"""
"1","
"
"1","
"
"1","
"
"1","$characters[[367]]
"
"1","$characters[[367]]$name
"
"1","[1]"
"1"," ""Mohor"""
"1","
"
"1","
"
"1","$characters[[367]]$gender
"
"1","[1]"
"1"," ""Male"""
"1","
"
"1","
"
"1","
"
"1","$characters[[368]]
"
"1","$characters[[368]]$name
"
"1","[1]"
"1"," ""Moon Boy"""
"1","
"
"1","
"
"1","$characters[[368]]$gender
"
"1","[1]"
"1"," ""Male"""
"1","
"
"1","
"
"1","
"
"1","$characters[[369]]
"
"1","$characters[[369]]$name
"
"1","[1]"
"1"," ""Mord"""
"1","
"
"1","
"
"1","$characters[[369]]$gender
"
"1","[1]"
"1"," ""Male"""
"1","
"
"1","
"
"1","
"
"1","$characters[[370]]
"
"1","$characters[[370]]$name
"
"1","[1]"
"1"," ""Moreo Tumitis"""
"1","
"
"1","
"
"1","$characters[[370]]$gender
"
"1","[1]"
"1"," ""Male"""
"1","
"
"1","
"
"1","
"
"1","$characters[[371]]
"
"1","$characters[[371]]$name
"
"1","[1]"
"1"," ""Moro"""
"1","
"
"1","
"
"1","$characters[[371]]$gender
"
"1","[1]"
"1"," ""Male"""
"1","
"
"1","
"
"1","
"
"1","$characters[[372]]
"
"1","$characters[[372]]$name
"
"1","[1]"
"1"," ""Morrec"""
"1","
"
"1","
"
"1","$characters[[372]]$gender
"
"1","[1]"
"1"," ""Male"""
"1","
"
"1","
"
"1","
"
"1","$characters[[373]]
"
"1","$characters[[373]]$name
"
"1","[1]"
"1"," ""Mors Martell"""
"1","
"
"1","
"
"1","$characters[[373]]$gender
"
"1","[1]"
"1"," ""Male"""
"1","
"
"1","
"
"1","
"
"1","$characters[[374]]
"
"1","$characters[[374]]$name
"
"1","[1]"
"1"," ""Morton Waynwood"""
"1","
"
"1","
"
"1","$characters[[374]]$gender
"
"1","[1]"
"1"," ""Male"""
"1","
"
"1","
"
"1","
"
"1","$characters[[375]]
"
"1","$characters[[375]]$name
"
"1","[1]"
"1"," ""Mya Stone"""
"1","
"
"1","
"
"1","$characters[[375]]$gender
"
"1","[1]"
"1"," ""Female"""
"1","
"
"1","
"
"1","
"
"1","$characters[[376]]
"
"1","$characters[[376]]$name
"
"1","[1]"
"1"," ""Mycah"""
"1","
"
"1","
"
"1","$characters[[376]]$gender
"
"1","[1]"
"1"," ""Male"""
"1","
"
"1","
"
"1","
"
"1","$characters[[377]]
"
"1","$characters[[377]]$name
"
"1","[1]"
"1"," ""Nan"""
"1","
"
"1","
"
"1","$characters[[377]]$gender
"
"1","[1]"
"1"," ""Female"""
"1","
"
"1","
"
"1","
"
"1","$characters[[378]]
"
"1","$characters[[378]]$name
"
"1","[1]"
"1"," ""Nestor Royce"""
"1","
"
"1","
"
"1","$characters[[378]]$gender
"
"1","[1]"
"1"," ""Male"""
"1","
"
"1","
"
"1","
"
"1","$characters[[379]]
"
"1","$characters[[379]]$name
"
"1","[1]"
"1"," ""Oberyn Nymeros Martell"""
"1","
"
"1","
"
"1","$characters[[379]]$gender
"
"1","[1]"
"1"," ""Male"""
"1","
"
"1","
"
"1","
"
"1","$characters[[380]]
"
"1","$characters[[380]]$name
"
"1","[1]"
"1"," ""Ogo"""
"1","
"
"1","
"
"1","$characters[[380]]$gender
"
"1","[1]"
"1"," ""Male"""
"1","
"
"1","
"
"1","
"
"1","$characters[[381]]
"
"1","$characters[[381]]$name
"
"1","[1]"
"1"," ""Osha"""
"1","
"
"1","
"
"1","$characters[[381]]$gender
"
"1","[1]"
"1"," ""Female"""
"1","
"
"1","
"
"1","
"
"1","$characters[[382]]
"
"1","$characters[[382]]$name
"
"1","[1]"
"1"," ""Othor"""
"1","
"
"1","
"
"1","$characters[[382]]$gender
"
"1","[1]"
"1"," ""Male"""
"1","
"
"1","
"
"1","
"
"1","$characters[[383]]
"
"1","$characters[[383]]$name
"
"1","[1]"
"1"," ""Pate"""
"1","
"
"1","
"
"1","$characters[[383]]$gender
"
"1","[1]"
"1"," ""Male"""
"1","
"
"1","
"
"1","
"
"1","$characters[[384]]
"
"1","$characters[[384]]$name
"
"1","[1]"
"1"," ""Pono"""
"1","
"
"1","
"
"1","$characters[[384]]$gender
"
"1","[1]"
"1"," ""Male"""
"1","
"
"1","
"
"1","
"
"1","$characters[[385]]
"
"1","$characters[[385]]$name
"
"1","[1]"
"1"," ""Porther"""
"1","
"
"1","
"
"1","$characters[[385]]$gender
"
"1","[1]"
"1"," ""Male"""
"1","
"
"1","
"
"1","
"
"1","$characters[[386]]
"
"1","$characters[[386]]$name
"
"1","[1]"
"1"," ""Pycelle"""
"1","
"
"1","
"
"1","$characters[[386]]$gender
"
"1","[1]"
"1"," ""Male"""
"1","
"
"1","
"
"1","
"
"1","$characters[[387]]
"
"1","$characters[[387]]$name
"
"1","[1]"
"1"," ""Qos"""
"1","
"
"1","
"
"1","$characters[[387]]$gender
"
"1","[1]"
"1"," ""Male"""
"1","
"
"1","
"
"1","
"
"1","$characters[[388]]
"
"1","$characters[[388]]$name
"
"1","[1]"
"1"," ""Qotho"""
"1","
"
"1","
"
"1","$characters[[388]]$gender
"
"1","[1]"
"1"," ""Male"""
"1","
"
"1","
"
"1","
"
"1","$characters[[389]]
"
"1","$characters[[389]]$name
"
"1","[1]"
"1"," ""Quaro"""
"1","
"
"1","
"
"1","$characters[[389]]$gender
"
"1","[1]"
"1"," ""Male"""
"1","
"
"1","
"
"1","
"
"1","$characters[[390]]
"
"1","$characters[[390]]$name
"
"1","[1]"
"1"," ""Quent"""
"1","
"
"1","
"
"1","$characters[[390]]$gender
"
"1","[1]"
"1"," ""Male"""
"1","
"
"1","
"
"1","
"
"1","$characters[[391]]
"
"1","$characters[[391]]$name
"
"1","[1]"
"1"," ""Rainbow Knight"""
"1","
"
"1","
"
"1","$characters[[391]]$gender
"
"1","[1]"
"1"," ""Male"""
"1","
"
"1","
"
"1","
"
"1","$characters[[392]]
"
"1","$characters[[392]]$name
"
"1","[1]"
"1"," ""Rakharo"""
"1","
"
"1","
"
"1","$characters[[392]]$gender
"
"1","[1]"
"1"," ""Male"""
"1","
"
"1","
"
"1","
"
"1","$characters[[393]]
"
"1","$characters[[393]]$name
"
"1","[1]"
"1"," ""Rast"""
"1","
"
"1","
"
"1","$characters[[393]]$gender
"
"1","[1]"
"1"," ""Male"""
"1","
"
"1","
"
"1","
"
"1","$characters[[394]]
"
"1","$characters[[394]]$name
"
"1","[1]"
"1"," ""Rhaego"""
"1","
"
"1","
"
"1","$characters[[394]]$gender
"
"1","[1]"
"1"," ""Male"""
"1","
"
"1","
"
"1","
"
"1","$characters[[395]]
"
"1","$characters[[395]]$name
"
"1","[1]"
"1"," ""Rhaenys Targaryen"""
"1","
"
"1","
"
"1","$characters[[395]]$gender
"
"1","[1]"
"1"," ""Female"""
"1","
"
"1","
"
"1","
"
"1","$characters[[396]]
"
"1","$characters[[396]]$name
"
"1","[1]"
"1"," ""Rhogoro"""
"1","
"
"1","
"
"1","$characters[[396]]$gender
"
"1","[1]"
"1"," ""Male"""
"1","
"
"1","
"
"1","
"
"1","$characters[[397]]
"
"1","$characters[[397]]$name
"
"1","[1]"
"1"," ""Robb Stark"""
"1","
"
"1","
"
"1","$characters[[397]]$gender
"
"1","[1]"
"1"," ""Male"""
"1","
"
"1","
"
"1","
"
"1","$characters[[398]]
"
"1","$characters[[398]]$name
"
"1","[1]"
"1"," ""Robin Flint"""
"1","
"
"1","
"
"1","$characters[[398]]$gender
"
"1","[1]"
"1"," ""Male"""
"1","
"
"1","
"
"1","
"
"1","$characters[[399]]
"
"1","$characters[[399]]$name
"
"1","[1]"
"1"," ""Ronel Rivers"""
"1","
"
"1","
"
"1","$characters[[399]]$gender
"
"1","[1]"
"1"," ""Male"""
"1","
"
"1","
"
"1","
"
"1","$characters[[400]]
"
"1","$characters[[400]]$name
"
"1","[1]"
"1"," ""Rudge"""
"1","
"
"1","
"
"1","$characters[[400]]$gender
"
"1","[1]"
"1"," ""Male"""
"1","
"
"1","
"
"1","
"
"1","$characters[[401]]
"
"1","$characters[[401]]$name
"
"1","[1]"
"1"," ""Rugen"""
"1","
"
"1","
"
"1","$characters[[401]]$gender
"
"1","[1]"
"1"," ""Male"""
"1","
"
"1","
"
"1","
"
"1","$characters[[402]]
"
"1","$characters[[402]]$name
"
"1","[1]"
"1"," ""Ryger Rivers"""
"1","
"
"1","
"
"1","$characters[[402]]$gender
"
"1","[1]"
"1"," ""Male"""
"1","
"
"1","
"
"1","
"
"1","$characters[[403]]
"
"1","$characters[[403]]$name
"
"1","[1]"
"1"," ""Selyse Florent"""
"1","
"
"1","
"
"1","$characters[[403]]$gender
"
"1","[1]"
"1"," ""Female"""
"1","
"
"1","
"
"1","
"
"1","$characters[[404]]
"
"1","$characters[[404]]$name
"
"1","[1]"
"1"," ""Shae"""
"1","
"
"1","
"
"1","$characters[[404]]$gender
"
"1","[1]"
"1"," ""Female"""
"1","
"
"1","
"
"1","
"
"1","$characters[[405]]
"
"1","$characters[[405]]$name
"
"1","[1]"
"1"," ""Shagga, son of Dolf"""
"1","
"
"1","
"
"1","$characters[[405]]$gender
"
"1","[1]"
"1"," ""Male"""
"1","
"
"1","
"
"1","
"
"1","$characters[[406]]
"
"1","$characters[[406]]$name
"
"1","[1]"
"1"," ""Shella"""
"1","
"
"1","
"
"1","$characters[[406]]$gender
"
"1","[1]"
"1"," ""Female"""
"1","
"
"1","
"
"1","
"
"1","$characters[[407]]
"
"1","$characters[[407]]$name
"
"1","[1]"
"1"," ""Stannis Baratheon"""
"1","
"
"1","
"
"1","$characters[[407]]$gender
"
"1","[1]"
"1"," ""Male"""
"1","
"
"1","
"
"1","
"
"1","$characters[[408]]
"
"1","$characters[[408]]$name
"
"1","[1]"
"1"," ""Stiv"""
"1","
"
"1","
"
"1","$characters[[408]]$gender
"
"1","[1]"
"1"," ""Male"""
"1","
"
"1","
"
"1","
"
"1","$characters[[409]]
"
"1","$characters[[409]]$name
"
"1","[1]"
"1"," ""Symeon Star-Eyes"""
"1","
"
"1","
"
"1","$characters[[409]]$gender
"
"1","[1]"
"1"," ""Male"""
"1","
"
"1","
"
"1","
"
"1","$characters[[410]]
"
"1","$characters[[410]]$name
"
"1","[1]"
"1"," ""Syrio Forel"""
"1","
"
"1","
"
"1","$characters[[410]]$gender
"
"1","[1]"
"1"," ""Male"""
"1","
"
"1","
"
"1","
"
"1","$characters[[411]]
"
"1","$characters[[411]]$name
"
"1","[1]"
"1"," ""Theo Frey"""
"1","
"
"1","
"
"1","$characters[[411]]$gender
"
"1","[1]"
"1"," ""Male"""
"1","
"
"1","
"
"1","
"
"1","$characters[[412]]
"
"1","$characters[[412]]$name
"
"1","[1]"
"1"," ""Thoros of Myr"""
"1","
"
"1","
"
"1","$characters[[412]]$gender
"
"1","[1]"
"1"," ""Male"""
"1","
"
"1","
"
"1","
"
"1","$characters[[413]]
"
"1","$characters[[413]]$name
"
"1","[1]"
"1"," ""Timett"""
"1","
"
"1","
"
"1","$characters[[413]]$gender
"
"1","[1]"
"1"," ""Male"""
"1","
"
"1","
"
"1","
"
"1","$characters[[414]]
"
"1","$characters[[414]]$name
"
"1","[1]"
"1"," ""Timett, son of Timett"""
"1","
"
"1","
"
"1","$characters[[414]]$gender
"
"1","[1]"
"1"," ""Male"""
"1","
"
"1","
"
"1","
"
"1","$characters[[415]]
"
"1","$characters[[415]]$name
"
"1","[1]"
"1"," ""Tobho Mott"""
"1","
"
"1","
"
"1","$characters[[415]]$gender
"
"1","[1]"
"1"," ""Male"""
"1","
"
"1","
"
"1","
"
"1","$characters[[416]]
"
"1","$characters[[416]]$name
"
"1","[1]"
"1"," ""Todder"""
"1","
"
"1","
"
"1","$characters[[416]]$gender
"
"1","[1]"
"1"," ""Male"""
"1","
"
"1","
"
"1","
"
"1","$characters[[417]]
"
"1","$characters[[417]]$name
"
"1","[1]"
"1"," ""Tomard"""
"1","
"
"1","
"
"1","$characters[[417]]$gender
"
"1","[1]"
"1"," ""Male"""
"1","
"
"1","
"
"1","
"
"1","$characters[[418]]
"
"1","$characters[[418]]$name
"
"1","[1]"
"1"," ""Torrek"""
"1","
"
"1","
"
"1","$characters[[418]]$gender
"
"1","[1]"
"1"," ""Male"""
"1","
"
"1","
"
"1","
"
"1","$characters[[419]]
"
"1","$characters[[419]]$name
"
"1","[1]"
"1"," ""Tregar"""
"1","
"
"1","
"
"1","$characters[[419]]$gender
"
"1","[1]"
"1"," ""Male"""
"1","
"
"1","
"
"1","
"
"1","$characters[[420]]
"
"1","$characters[[420]]$name
"
"1","[1]"
"1"," ""Tysha"""
"1","
"
"1","
"
"1","$characters[[420]]$gender
"
"1","[1]"
"1"," ""Female"""
"1","
"
"1","
"
"1","
"
"1","$characters[[421]]
"
"1","$characters[[421]]$name
"
"1","[1]"
"1"," ""Tytos Blackwood"""
"1","
"
"1","
"
"1","$characters[[421]]$gender
"
"1","[1]"
"1"," ""Male"""
"1","
"
"1","
"
"1","
"
"1","$characters[[422]]
"
"1","$characters[[422]]$name
"
"1","[1]"
"1"," ""Ulf son of Umar"""
"1","
"
"1","
"
"1","$characters[[422]]$gender
"
"1","[1]"
"1"," ""Male"""
"1","
"
"1","
"
"1","
"
"1","$characters[[423]]
"
"1","$characters[[423]]$name
"
"1","[1]"
"1"," ""Umar"""
"1","
"
"1","
"
"1","$characters[[423]]$gender
"
"1","[1]"
"1"," ""Male"""
"1","
"
"1","
"
"1","
"
"1","$characters[[424]]
"
"1","$characters[[424]]$name
"
"1","[1]"
"1"," ""Urron Greyiron"""
"1","
"
"1","
"
"1","$characters[[424]]$gender
"
"1","[1]"
"1"," ""Male"""
"1","
"
"1","
"
"1","
"
"1","$characters[[425]]
"
"1","$characters[[425]]$name
"
"1","[1]"
"1"," ""Vargo Hoat"""
"1","
"
"1","
"
"1","$characters[[425]]$gender
"
"1","[1]"
"1"," ""Male"""
"1","
"
"1","
"
"1","
"
"1","$characters[[426]]
"
"1","$characters[[426]]$name
"
"1","[1]"
"1"," ""Varly"""
"1","
"
"1","
"
"1","$characters[[426]]$gender
"
"1","[1]"
"1"," ""Male"""
"1","
"
"1","
"
"1","
"
"1","$characters[[427]]
"
"1","$characters[[427]]$name
"
"1","[1]"
"1"," ""Varys"""
"1","
"
"1","
"
"1","$characters[[427]]$gender
"
"1","[1]"
"1"," ""Male"""
"1","
"
"1","
"
"1","
"
"1","$characters[[428]]
"
"1","$characters[[428]]$name
"
"1","[1]"
"1"," ""Visenya Targaryen"""
"1","
"
"1","
"
"1","$characters[[428]]$gender
"
"1","[1]"
"1"," ""Female"""
"1","
"
"1","
"
"1","
"
"1","$characters[[429]]
"
"1","$characters[[429]]$name
"
"1","[1]"
"1"," ""Vyman"""
"1","
"
"1","
"
"1","$characters[[429]]$gender
"
"1","[1]"
"1"," ""Male"""
"1","
"
"1","
"
"1","
"
"1","$characters[[430]]
"
"1","$characters[[430]]$name
"
"1","[1]"
"1"," ""Wallen"""
"1","
"
"1","
"
"1","$characters[[430]]$gender
"
"1","[1]"
"1"," ""Male"""
"1","
"
"1","
"
"1","
"
"1","$characters[[431]]
"
"1","$characters[[431]]$name
"
"1","[1]"
"1"," ""Wayn"""
"1","
"
"1","
"
"1","$characters[[431]]$gender
"
"1","[1]"
"1"," ""Male"""
"1","
"
"1","
"
"1","
"
"1","$characters[[432]]
"
"1","$characters[[432]]$name
"
"1","[1]"
"1"," ""Willum"""
"1","
"
"1","
"
"1","$characters[[432]]$gender
"
"1","[1]"
"1"," ""Male"""
"1","
"
"1","
"
"1","
"
"1","$characters[[433]]
"
"1","$characters[[433]]$name
"
"1","[1]"
"1"," ""Wyl"""
"1","
"
"1","
"
"1","$characters[[433]]$gender
"
"1","[1]"
"1"," ""Male"""
"1","
"
"1","
"
"1","
"
"1","$characters[[434]]
"
"1","$characters[[434]]$name
"
"1","[1]"
"1"," ""Wylla"""
"1","
"
"1","
"
"1","$characters[[434]]$gender
"
"1","[1]"
"1"," ""Female"""
"1","
"
"1","
"
"1","
"
"1","
"
